﻿<?xml version="1.0" encoding="utf-8"?>
<GingerRepositoryItem><Header ItemGuid="1ba12bbd-5881-4309-880b-61241c3d3351" ItemType="BusinessFlow" CreatedBy="shrpatil" Created="201811221337" GingerVersion="3.0.0.0" Version="1563" LastUpdateBy="SHRPATIL" LastUpdate="201902111222" />
<BusinessFlow Elapsed="26989" Guid="1ba12bbd-5881-4309-880b-61241c3d3351" Name="Driver_Script_JENKINS_CI_ENV" ParentGuid="00000000-0000-0000-0000-000000000000" Source="Ginger" Status="Active">
<Activities>
<Activity ActionRunOption="StopActionsRunOnFailure" Active="True" ActivityName="ACT_BLANK_All_Cell" AutomationStatus="Development" ErrorHandlerMappingType="AllAvailableHandlers" Guid="080b1181-7797-464a-86e8-0e4db65ac7fa" ParentGuid="c33fbbfd-7f8d-4898-afbb-be0e8ce5d89e" PercentAutomated="100%" TargetApplication="MyWebServicesApp">
<Acts>
<ActScript Active="True" Description="Script - Create Folder Structure" Guid="b92cbeb0-522a-409d-bf2f-1f9d599e5b64" LocateBy="NA" MaxNumberOfRetries="2" ParentGuid="00000000-0000-0000-0000-000000000000" Platform="NA" RetryMechanismInterval="5" ScriptCommand="Script" ScriptInterpreterType="VBS" ScriptName="Excel_Servers.vbs" ScriptPath="C:\Sky_Italy\Solutions\Sky_Italy\Documents\Scripts\" StatusConverter="None" TakeScreenShot="True" WaitVE="0" WindowsToCapture="OnlyActiveWindow">
<FlowControls>
<FlowControl Active="True" BusinessFlowControlAction="GoToBusinessFlow" Condition="&quot;{ActionStatus}&quot; = &quot;Failed&quot;" FlowControlAction="MessageBox" Guid="fd94733f-058a-465d-b09d-9a0568d2db99" ParentGuid="00000000-0000-0000-0000-000000000000" Value="Folder structure was not created. Please check." />
<FlowControl Active="True" BusinessFlowControlAction="GoToBusinessFlow" Condition="&quot;{ActionStatus}&quot; = &quot;Failed&quot;" FlowControlAction="StopBusinessFlow" Guid="a310a3c1-5b93-46d9-bffc-39d680def551" ParentGuid="00000000-0000-0000-0000-000000000000" />
</FlowControls>

<InputValues>
<ActInputValue Guid="76134754-46da-48cd-a19a-a23b070530fa" Param=" EXECUTION_MODE" ParentGuid="00000000-0000-0000-0000-000000000000" StoreToVariable="{Var Name=BF_EXECUTION_MODE}" Value="{Var Name=BF_EXECUTION_MODE}" />
<ActInputValue Guid="b355dd42-0c99-4f99-a3fb-a5b1557e0903" Param=" EXCEL_FILE" ParentGuid="00000000-0000-0000-0000-000000000000" StoreToVariable="{Var Name=BF_EXCEL_FILE_NAME}" Value="{Var Name=BF_EXCEL_FILE_NAME}" />
<ActInputValue Guid="e84dacde-a886-4ad2-9434-1e402511fe64" Param=" RELEASE" ParentGuid="00000000-0000-0000-0000-000000000000" StoreToVariable="{Var Name=BF_RELEASE}" Value="{Var Name=BF_RELEASE}" />
<ActInputValue Guid="3a6f1de4-fcea-4a93-9853-a9903d7753c1" Param=" ENVIRONMENT" ParentGuid="00000000-0000-0000-0000-000000000000" StoreToVariable="{EnvParam App=MyWebServicesApp Param=ENV_NAME}" Value="{EnvParam App=MyWebServicesApp Param=ENV_NAME}" />
</InputValues>

<ReturnValues>
<ActReturnValue Active="True" Guid="ad026b89-b831-44e3-9621-6511c56a9bdf" mExpected="Success" Param="Run Status " ParentGuid="00000000-0000-0000-0000-000000000000" StoreTo="None" />
<ActReturnValue Active="True" Guid="3d88ea4d-544d-4865-a2b0-0d2e5b4c9be3" mExpected="Len({Actual})&gt;0" Param="XLSfilePath " ParentGuid="00000000-0000-0000-0000-000000000000" StoreTo="Variable" StoreToValue="BF_CALENDER_EXCEL_PATH" />
</ReturnValues>
</ActScript>
<ActScript Active="True" Description="Write_Value_to_Excel - Blank All Cell" Guid="cafed870-8174-4ca1-b735-f8b32f2e63b6" LocateBy="NA" MaxNumberOfRetries="2" ParentGuid="00000000-0000-0000-0000-000000000000" Platform="NA" RetryMechanismInterval="5" ScriptCommand="Script" ScriptInterpreterType="VBS" ScriptName="Delete_Row.vbs" ScriptPath="C:\Sky_Italy\Solutions\Sky_Italy\Documents\Scripts\" StatusConverter="None" WaitVE="0" WindowsToCapture="OnlyActiveWindow">
<InputValues>
<ActInputValue Guid="13c3f8de-7b56-41dc-8b3f-1817e0a1ba6b" Param="excelFilePath" ParentGuid="00000000-0000-0000-0000-000000000000" StoreToVariable="{Var Name=BF_CALENDER_EXCEL_PATH}" Value="{Var Name=BF_CALENDER_EXCEL_PATH}" />
<ActInputValue Guid="c7e911db-dce0-4717-8306-164aeb63f02e" Param="excelSheetName" ParentGuid="00000000-0000-0000-0000-000000000000" StoreToVariable="{Var Name=BF_CALENDER_SHEET_NAME_MAIN}" Value="{Var Name=BF_CALENDER_SHEET_NAME_MAIN}" />
<ActInputValue Guid="3ed1ab23-9b18-40d3-bb03-ec6f730fc06d" Param="PARAM_NAME" ParentGuid="00000000-0000-0000-0000-000000000000" StoreToVariable="DELSKIP" Value="DELSKIP" />
<ActInputValue Guid="329e1f20-b61f-495d-a59b-da5729f5304d" Param="PARAM_VALUE" ParentGuid="00000000-0000-0000-0000-000000000000" StoreToVariable="D" Value="D" />
</InputValues>
</ActScript>
</Acts>

<Variables>
<VariableString Guid="1b9d6c8c-b531-4d1c-b858-6c8616fc3ff2" InitialStringValue="C:\Sky_Italy\Solutions\Sky_Italy\Documents\1802\DATA_FILES_PER_CALENDAR\DEVELOPMENT\SIT\SHRPATIL\SKY_SANITY_CALENDER_SIT\SKY_SANITY_CALENDER_SIT.xlsx" MappedOutputType="None" Name="GBL_EXCEL_SHEET_SANITY" ParentGuid="00000000-0000-0000-0000-000000000000" Value="C:\Sky_Italy\Solutions\Sky_Italy\Documents\1802\DATA_FILES_PER_CALENDAR\DEVELOPMENT\SIT\SHRPATIL\SKY_SANITY_CALENDER_SIT\SKY_SANITY_CALENDER_SIT.xlsx" />
<VariableString Guid="08370a12-baef-4a79-9126-b9f65f86a757" InitialStringValue="MAIN" MappedOutputType="None" Name="BF_CALENDER_SHEET_NAME_MAIN" ParentGuid="00000000-0000-0000-0000-000000000000" ParentName="NSORD_Driver_NEW" ParentType="Business Flow" Value="MAIN" />
<VariableString Guid="7b273089-9cd2-437f-837b-86e7469b127a" InitialStringValue="C:\Sky_Italy\Solutions\Sky_Italy\Documents\1802\DATA_FILES_PER_CALENDAR\DEVELOPMENT\PT\SHRPATIL\SKY_PT_PI2_CALENDER\SKY_PT_PI2_CALENDER.xlsx" MappedOutputType="None" Name="BF_CALENDER_EXCEL_PATH" ParentGuid="00000000-0000-0000-0000-000000000000" ParentName="NSORD_Driver_NEW" ParentType="Business Flow" Value="C:\Sky_Italy\Solutions\Sky_Italy\Documents\1802\DATA_FILES_PER_CALENDAR\DEVELOPMENT\PT\SHRPATIL\SKY_PT_PI2_CALENDER\SKY_PT_PI2_CALENDER.xlsx" />
<VariableString Description="&gt;&gt; Update this variable &lt;&lt;" Guid="76bf0be4-8a71-481f-8628-69e186922542" InitialStringValue="DEVELOPMENT" MappedOutputType="None" Name="BF_EXECUTION_MODE" ParentGuid="00000000-0000-0000-0000-000000000000" Value="DEVELOPMENT" />
<VariableString Description="&gt;&gt; Update this variable &lt;&lt;" Guid="a60def8e-0898-4aec-99ef-775816499f0f" InitialStringValue="SKY_SANITY_PT_PI1.xlsx" MappedOutputType="None" Name="BF_EXCEL_FILE_NAME" ParentGuid="00000000-0000-0000-0000-000000000000" Value="SKY_SANITY_PT_PI1.xlsx" />
<VariableString Description="&gt;&gt; Update this variable &lt;&lt;" Guid="3de50f62-e859-47bc-bf49-c36f7058aa36" InitialStringValue="1802" MappedOutputType="None" Name="BF_RELEASE" ParentGuid="00000000-0000-0000-0000-000000000000" Value="1802" />
</Variables>
</Activity>
<Activity ActionRunOption="ContinueActionsRunOnFailure" Active="True" ActivityName="Initiate_Execution" AutomationStatus="Automated" Description="Driver Activity" ErrorHandlerMappingType="AllAvailableHandlers" Guid="f14154c8-9fc0-44ec-a9ce-80ab96cd6193" Mandatory="True" ParentGuid="2add50ae-1d5e-45e5-b5b8-69735f5c88df" PercentAutomated="100%" TargetApplication="MyWebServicesApp">
<Acts>
<ActDummy Active="True" Description="Clear some of the variables" Guid="f2496b10-5da7-4cfd-94f2-0c69335d3e4a" LocateBy="NA" MaxNumberOfRetries="2" ParentGuid="00000000-0000-0000-0000-000000000000" Platform="NA" RetryMechanismInterval="5" StatusConverter="None" WaitVE="0" WindowsToCapture="OnlyActiveWindow">
<InputValues>
<ActInputValue Guid="555d0558-f504-4116-b4a4-0655e2ac56fd" Param="Value" ParentGuid="00000000-0000-0000-0000-000000000000" />
</InputValues>

<ReturnValues>
<ActReturnValue Active="True" Guid="536c0f1f-b9d0-41ce-9e68-38a42eddc6a0" Param="BF_CALENDER_EXCEL_PATH" ParentGuid="00000000-0000-0000-0000-000000000000" StoreTo="Variable" StoreToValue="BF_CALENDER_EXCEL_PATH" />
<ActReturnValue Active="True" Guid="01842aa1-492e-4ba1-a045-fa80f3cdc934" Param="BF_CALENDER_ROW_DATA" ParentGuid="00000000-0000-0000-0000-000000000000" StoreTo="Variable" StoreToValue="BF_CALENDER_ROW_DATA" />
<ActReturnValue Active="True" Guid="ab829d69-eb85-47ff-9636-e58740f537ca" Param="BF_TEMP" ParentGuid="00000000-0000-0000-0000-000000000000" StoreTo="Variable" StoreToValue="BF_TEMP" />
<ActReturnValue Active="True" Guid="aa0dd50f-f341-4389-bcd7-9f34497210cb" Param="BF_TEMP1" ParentGuid="00000000-0000-0000-0000-000000000000" StoreTo="Variable" StoreToValue="BF_TEMP1" />
</ReturnValues>
</ActDummy>
<ActScript Active="True" Description="Script - Create Folder Structure" Guid="6c834958-1704-4fea-943e-64c9407e8d0e" LocateBy="NA" MaxNumberOfRetries="2" ParentGuid="815a14eb-2d52-4644-aaaa-7daaa6133120" Platform="NA" RetryMechanismInterval="5" ScriptCommand="Script" ScriptInterpreterType="VBS" ScriptName="Excel_Servers.vbs" ScriptPath="C:\Sky_Italy\Solutions\Sky_Italy\Documents\Scripts\" StatusConverter="None" TakeScreenShot="True" WaitVE="0" WindowsToCapture="OnlyActiveWindow">
<FlowControls>
<FlowControl Active="True" BusinessFlowControlAction="GoToBusinessFlow" Condition="&quot;{ActionStatus}&quot; = &quot;Passed&quot;" FlowControlAction="GoToAction" Guid="616dddfe-cea7-4b77-accd-1e4e9dec28bd" ParentGuid="00000000-0000-0000-0000-000000000000" Value="3986a71c-3b4f-432e-804f-1f0ebed0d2d6#GUID_NAME#READ ACTION-FIND UNCHECKED ROWS (CALENDER)" />
<FlowControl Active="True" BusinessFlowControlAction="GoToBusinessFlow" Condition="&quot;{ActionStatus}&quot; = &quot;Failed&quot;" FlowControlAction="MessageBox" Guid="e18515f6-e5e7-4439-b9af-d28702a02a3d" ParentGuid="00000000-0000-0000-0000-000000000000" Value="Folder structure was not created. Please check." />
<FlowControl Active="True" BusinessFlowControlAction="GoToBusinessFlow" Condition="&quot;{ActionStatus}&quot; = &quot;Failed&quot;" FlowControlAction="StopBusinessFlow" Guid="3d181b2d-a574-449c-a047-ff7f33f792cf" ParentGuid="00000000-0000-0000-0000-000000000000" />
</FlowControls>

<InputValues>
<ActInputValue Guid="96931048-e0ae-4540-b3c2-89cae5334652" Param=" EXECUTION_MODE" ParentGuid="00000000-0000-0000-0000-000000000000" StoreToVariable="{Var Name=BF_EXECUTION_MODE}" Value="{Var Name=BF_EXECUTION_MODE}" />
<ActInputValue Guid="96aa2f11-cc9a-4e90-b4e0-902bc1935a98" Param=" EXCEL_FILE" ParentGuid="00000000-0000-0000-0000-000000000000" StoreToVariable="{Var Name=BF_EXCEL_FILE_NAME}" Value="{Var Name=BF_EXCEL_FILE_NAME}" />
<ActInputValue Guid="ef0fcc0a-4f03-4211-ad00-4c101bfea47a" Param=" RELEASE" ParentGuid="00000000-0000-0000-0000-000000000000" StoreToVariable="{Var Name=BF_RELEASE}" Value="{Var Name=BF_RELEASE}" />
<ActInputValue Guid="fc2be07c-b6ea-4dcf-91a1-d70f8bd48cf6" Param=" ENVIRONMENT" ParentGuid="00000000-0000-0000-0000-000000000000" StoreToVariable="{EnvParam App=MyWebServicesApp Param=ENV_NAME}" Value="{EnvParam App=MyWebServicesApp Param=ENV_NAME}" />
</InputValues>

<ReturnValues>
<ActReturnValue Active="True" Guid="9d3a8f6c-2d06-4a5c-ba95-840a844eec78" mExpected="Success" Param="Run Status " ParentGuid="00000000-0000-0000-0000-000000000000" StoreTo="None" />
<ActReturnValue Active="True" Guid="b25ac8d7-dc9c-4c00-ac2e-da88788336f1" mExpected="Len({Actual})&gt;0" Param="XLSfilePath " ParentGuid="00000000-0000-0000-0000-000000000000" StoreTo="Variable" StoreToValue="BF_CALENDER_EXCEL_PATH" />
</ReturnValues>
</ActScript>
<ActScript Active="True" Description="READ ACTION-FIND UNCHECKED ROWS (CALENDER)" Guid="3986a71c-3b4f-432e-804f-1f0ebed0d2d6" LocateBy="NA" MaxNumberOfRetries="2" ParentGuid="00000000-0000-0000-0000-000000000000" Platform="NA" RetryMechanismInterval="5" ScriptCommand="Script" ScriptInterpreterType="VBS" ScriptName="Initiate_Execution.vbs" ScriptPath="C:\Sky_Italy\Solutions\Sky_Italy\Documents\Scripts\" StatusConverter="None" TakeScreenShot="True" WaitVE="1" WindowsToCapture="OnlyActiveWindow">
<FlowControls>
<FlowControl Active="True" BusinessFlowControlAction="GoToBusinessFlow" Condition="{Var Name=BF_TEMP}=none" FlowControlAction="StopBusinessFlow" Guid="b4c2b22e-f93d-4226-897c-4d977c105409" ParentGuid="00000000-0000-0000-0000-000000000000" />
</FlowControls>

<InputValues>
<ActInputValue Guid="a43470ee-49c6-488b-9c19-47454813c626" Param="excelFilePath" ParentGuid="00000000-0000-0000-0000-000000000000" StoreToVariable="{Var Name=BF_CALENDER_EXCEL_PATH}" Value="{Var Name=BF_CALENDER_EXCEL_PATH}" />
<ActInputValue Guid="ffe56ce0-2802-4c46-a896-6e23dbcd4f1b" Param="excelSheetName" ParentGuid="00000000-0000-0000-0000-000000000000" StoreToVariable="{Var Name=BF_CALENDER_SHEET_NAME_MAIN}" Value="{Var Name=BF_CALENDER_SHEET_NAME_MAIN}" />
</InputValues>

<ReturnValues>
<ActReturnValue Active="True" Guid="33fc1674-8aec-42c7-aa41-f77b4b2e1a90" mExpected="Len({Actual})&gt;0" Param="Outputvalue " ParentGuid="00000000-0000-0000-0000-000000000000" StoreTo="Variable" StoreToValue="BF_TEMP" />
</ReturnValues>
</ActScript>
<ActScript Active="True" Description="READ EXCEL ROW DATA" Guid="505821ce-c572-41dc-9d60-7980a774de16" LocateBy="NA" MaxNumberOfRetries="2" ParentGuid="00000000-0000-0000-0000-000000000000" Platform="NA" RetryMechanismInterval="5" ScriptCommand="Script" ScriptInterpreterType="VBS" ScriptName="Read_By_Concatinate.vbs" ScriptPath="C:\Sky_Italy\Solutions\Sky_Italy\Documents\Scripts\" StatusConverter="None" TakeScreenShot="True" WaitVE="1" WindowsToCapture="OnlyActiveWindow">
<FlowControls>
<FlowControl Active="True" BusinessFlowControlAction="GoToBusinessFlow" Condition="&quot;{ActionStatus}&quot; = &quot;Passed&quot;" FlowControlAction="GoToActivityByName" Guid="a9e2e4c7-7e5f-448a-9355-9e4c2189a12f" ParentGuid="00000000-0000-0000-0000-000000000000" Value="Call Activity" />
<FlowControl Active="True" BusinessFlowControlAction="GoToBusinessFlow" Condition="&quot;{ActionStatus}&quot; = &quot;Failed&quot;" FlowControlAction="GoToActivityByName" Guid="1f4c9cc0-7dfc-4d3b-ab08-542c5888b515" ParentGuid="00000000-0000-0000-0000-000000000000" Value="UpdateExecutionStatus_FAIL" />
</FlowControls>

<InputValues>
<ActInputValue Guid="0d60188b-72de-42a4-a55d-e9e085b79ebf" Param="excelFilePath" ParentGuid="00000000-0000-0000-0000-000000000000" StoreToVariable="&quot;{Var Name=BF_CALENDER_EXCEL_PATH}&quot;" Value="&quot;{Var Name=BF_CALENDER_EXCEL_PATH}&quot;" />
<ActInputValue Guid="67fbbc73-28f9-4ecc-9637-4a01387bb900" Param="excelSheetName" ParentGuid="00000000-0000-0000-0000-000000000000" StoreToVariable="{Var Name=BF_CALENDER_SHEET_NAME_MAIN}" Value="{Var Name=BF_CALENDER_SHEET_NAME_MAIN}" />
</InputValues>

<ReturnValues>
<ActReturnValue Active="True" Guid="aa9d10ed-1170-4720-9fb7-c056e25d5528" mExpected="Len({Actual})&gt;0" Param="Outputvalue " ParentGuid="00000000-0000-0000-0000-000000000000" StoreTo="Variable" StoreToValue="BF_CALENDER_ROW_DATA" />
</ReturnValues>
</ActScript>
</Acts>

<Variables>
<VariableString Guid="413cb679-09f8-4fa6-9223-b605e4849617" MappedOutputType="None" Name="BF_CALENDER_EXCEL_PATH" ParentGuid="f83cb156-f0f6-4255-ae15-fa63033f2e37" ParentName="NSORD_Driver_NEW" ParentType="Business Flow" />
<VariableString Guid="0341106a-5582-4e2b-9daa-ee50757a1463" InitialStringValue="S-REGRESSION_PMT 445705_EDITS_FIDS_S&amp;E SECT_1.52_NSORD.0388/$/Value is Blank/$/CREATED_IN_RELEASE/$/Value is Blank/$/COMMENT/$/Madhuri_Phase_2/$/HEADER/$/Value is Blank/$/ACTION/$/Act_S-REGRESSION_PMT 445705_EDITS_FIDS_S&amp;E SECT_1.52_NSORD.0388/$/ORDER_TYPE/$/N/$/STATE_CODE/$/Value is Blank/$/NEW_ORDER_NUM/$/N663784/$/EXPECTED_EDIT/$/NOEDIT/$/SKIP_EDIT/$/Value is Blank/$/ST/$/O/$/EXPECTED_STRING/$/READY FOR DISTRIBUTION/$/SKIP_ACTIVITY/$/Value is Blank/$/U5RRX/$/I    U5RRX /LRS OPDA/$/FL_FID/$/Value is Blank/$/ACTION_I_LH_FID/$/ICLT 41.SFGS.219.033.6825/$/FL_FID_/PIC/$//PIC NO/$/FID_/LPIC/$//LPIC NONE/$/SM_DATA/$/SM   CE 01-25-2017 0830A/$/CS_DATA/$/WSQ" MappedOutputType="None" Name="BF_CALENDER_ROW_DATA" ParentGuid="00000000-0000-0000-0000-000000000000" Value="S-REGRESSION_PMT 445705_EDITS_FIDS_S&amp;E SECT_1.52_NSORD.0388/$/Value is Blank/$/CREATED_IN_RELEASE/$/Value is Blank/$/COMMENT/$/Madhuri_Phase_2/$/HEADER/$/Value is Blank/$/ACTION/$/Act_S-REGRESSION_PMT 445705_EDITS_FIDS_S&amp;E SECT_1.52_NSORD.0388/$/ORDER_TYPE/$/N/$/STATE_CODE/$/Value is Blank/$/NEW_ORDER_NUM/$/N663784/$/EXPECTED_EDIT/$/NOEDIT/$/SKIP_EDIT/$/Value is Blank/$/ST/$/O/$/EXPECTED_STRING/$/READY FOR DISTRIBUTION/$/SKIP_ACTIVITY/$/Value is Blank/$/U5RRX/$/I    U5RRX /LRS OPDA/$/FL_FID/$/Value is Blank/$/ACTION_I_LH_FID/$/ICLT 41.SFGS.219.033.6825/$/FL_FID_/PIC/$//PIC NO/$/FID_/LPIC/$//LPIC NONE/$/SM_DATA/$/SM   CE 01-25-2017 0830A/$/CS_DATA/$/WSQ" />
<VariableString Guid="a2de77d8-c33b-4338-9896-a6d9f9545bb3" InitialStringValue="ACTION,Act_Search,SEARCH_STRING,Amdocs" MappedOutputType="None" Name="BF_TEMP" ParentGuid="00000000-0000-0000-0000-000000000000" Value="ACTION,Act_Search,SEARCH_STRING,Amdocs" />
<VariableString Guid="05c18129-1b40-4458-a93e-d22ec91a1b4e" InitialStringValue="C&#xD;&#xA;&#xD;&#xA;" MappedOutputType="None" Name="BF_TEMP1" ParentGuid="00000000-0000-0000-0000-000000000000" Value="C&#xD;&#xA;&#xD;&#xA;" />
<VariableString Description="&gt;&gt; Update this variable &lt;&lt;" Guid="7c3fa080-af26-4ad5-9bca-b8e27423d3da" InitialStringValue="DEVELOPMENT" MappedOutputType="None" Name="BF_EXECUTION_MODE" ParentGuid="00000000-0000-0000-0000-000000000000" Value="DEVELOPMENT" />
<VariableString Description="&gt;&gt; Update this variable &lt;&lt;" Guid="d531b51d-c383-4651-9efb-55730e020357" InitialStringValue="SKY_CALENDER.xlsx" MappedOutputType="None" Name="BF_EXCEL_FILE_NAME" ParentGuid="00000000-0000-0000-0000-000000000000" Value="SKY_CALENDER.xlsx" />
<VariableString Description="&gt;&gt; Update this variable &lt;&lt;" Guid="c43ef346-5c81-4b60-b964-65a9e48ee010" InitialStringValue="1802" MappedOutputType="None" Name="BF_RELEASE" ParentGuid="00000000-0000-0000-0000-000000000000" Value="1802" />
<VariableString Guid="5ece8c6a-04c7-435c-b91a-24c3f6d20b1e" InitialStringValue="MAIN" MappedOutputType="None" Name="BF_CALENDER_SHEET_NAME_MAIN" ParentGuid="f83cb156-f0f6-4255-ae15-fa63033f2e37" ParentName="NSORD_Driver_NEW" ParentType="Business Flow" Value="MAIN" />
</Variables>
</Activity>
<Activity ActionRunOption="ContinueActionsRunOnFailure" Active="True" ActivityName="Call Activity" AutomationStatus="Automated" Description="Call activity from Shared Repository" ErrorHandlerMappingType="AllAvailableHandlers" Guid="f1dc93af-c44c-4d24-8fd9-7d6b82442a80" ParentGuid="34b02d28-dec4-4c9d-be32-2dd99441a65c" PercentAutomated="100%" TargetApplication="MyWebServicesApp">
<Acts>
<ActDummy Active="True" Description="Call Activity" Guid="5a5a7732-b364-4b0b-849a-b67424e5e709" LocateBy="NA" MaxNumberOfRetries="2" ParentGuid="00000000-0000-0000-0000-000000000000" Platform="NA" RetryMechanismInterval="5" StatusConverter="None" TakeScreenShot="True" WaitVE="0" WindowsToCapture="OnlyActiveWindow">
<FlowControls>
<FlowControl Active="True" BusinessFlowControlAction="GoToBusinessFlow" Condition="1=1" FlowControlAction="RunSharedRepositoryActivity" Guid="aadea9ef-c2ce-4e3c-a143-81b8796b0992" ParentGuid="00000000-0000-0000-0000-000000000000" Value="{VBS Eval=mid(&quot;{Var Name=BF_CALENDER_ROW_DATA}&quot;,InStr(&quot;{Var Name=BF_CALENDER_ROW_DATA}&quot;,&quot;ACTIVITY/$/&quot;)+Len(&quot;ACTIVITY/$/&quot;),InStr(mid(&quot;{Var Name=BF_CALENDER_ROW_DATA}&quot;,InStr(&quot;{Var Name=BF_CALENDER_ROW_DATA}&quot;,&quot;ACTIVITY/$/&quot;)+Len(&quot;ACTIVITY/$/&quot;),100),&quot;/$/&quot;)-1)}" />
</FlowControls>

<InputValues>
<ActInputValue Guid="dda92916-9515-4db4-a820-fd0c424898fb" Param="Value" ParentGuid="00000000-0000-0000-0000-000000000000" />
</InputValues>
</ActDummy>
</Acts>

<Variables>
<VariableString Guid="76368279-d901-4e98-84f3-ee43c0487112" InitialStringValue="S-REGRESSION_PMT 445705_EDITS_FIDS_S&amp;E SECT_1.52_NSORD.0388/$/Value is Blank/$/CREATED_IN_RELEASE/$/Value is Blank/$/COMMENT/$/Madhuri_Phase_2/$/HEADER/$/Value is Blank/$/ACTION/$/Act_S-REGRESSION_PMT 445705_EDITS_FIDS_S&amp;E SECT_1.52_NSORD.0388/$/ORDER_TYPE/$/N/$/STATE_CODE/$/Value is Blank/$/NEW_ORDER_NUM/$/N663784/$/EXPECTED_EDIT/$/NOEDIT/$/SKIP_EDIT/$/Value is Blank/$/ST/$/O/$/EXPECTED_STRING/$/READY FOR DISTRIBUTION/$/SKIP_ACTIVITY/$/Value is Blank/$/U5RRX/$/I    U5RRX /LRS OPDA/$/FL_FID/$/Value is Blank/$/ACTION_I_LH_FID/$/ICLT 41.SFGS.219.033.6825/$/FL_FID_/PIC/$//PIC NO/$/FID_/LPIC/$//LPIC NONE/$/SM_DATA/$/SM   CE 01-25-2017 0830A/$/CS_DATA/$/WSQ" MappedOutputType="None" Name="BF_CALENDER_ROW_DATA" ParentGuid="00000000-0000-0000-0000-000000000000" Value="S-REGRESSION_PMT 445705_EDITS_FIDS_S&amp;E SECT_1.52_NSORD.0388/$/Value is Blank/$/CREATED_IN_RELEASE/$/Value is Blank/$/COMMENT/$/Madhuri_Phase_2/$/HEADER/$/Value is Blank/$/ACTION/$/Act_S-REGRESSION_PMT 445705_EDITS_FIDS_S&amp;E SECT_1.52_NSORD.0388/$/ORDER_TYPE/$/N/$/STATE_CODE/$/Value is Blank/$/NEW_ORDER_NUM/$/N663784/$/EXPECTED_EDIT/$/NOEDIT/$/SKIP_EDIT/$/Value is Blank/$/ST/$/O/$/EXPECTED_STRING/$/READY FOR DISTRIBUTION/$/SKIP_ACTIVITY/$/Value is Blank/$/U5RRX/$/I    U5RRX /LRS OPDA/$/FL_FID/$/Value is Blank/$/ACTION_I_LH_FID/$/ICLT 41.SFGS.219.033.6825/$/FL_FID_/PIC/$//PIC NO/$/FID_/LPIC/$//LPIC NONE/$/SM_DATA/$/SM   CE 01-25-2017 0830A/$/CS_DATA/$/WSQ" />
</Variables>
</Activity>
<Activity ActionRunOption="ContinueActionsRunOnFailure" Active="True" ActivityName="UpdateExecutionStatus_PASS" AutomationStatus="Automated" Description="Pass test case in Calender &amp; QC" ErrorHandlerMappingType="AllAvailableHandlers" Guid="48f75f5d-73cb-472f-8fc2-0109b80fb264" ParentGuid="b8ac78ee-837f-4ae6-ba7b-8f17f938e9b0" PercentAutomated="100%" TargetApplication="MyWebServicesApp">
<Acts>
<ActScript Active="True" Description="Write status to Pass" Guid="d8bc5321-6623-409c-8c15-f76b29477bc0" LocateBy="NA" MaxNumberOfRetries="2" ParentGuid="00000000-0000-0000-0000-000000000000" Platform="NA" RetryMechanismInterval="5" ScriptCommand="Script" ScriptInterpreterType="VBS" ScriptName="Write_Data.vbs" ScriptPath="C:\Sky_Italy\Solutions\Sky_Italy\Documents\Scripts\" StatusConverter="None" TakeScreenShot="True" WaitVE="0" WindowsToCapture="OnlyActiveWindow">
<FlowControls>
<FlowControl Active="True" BusinessFlowControlAction="GoToBusinessFlow" Condition="{Var Name=GBL_QC_INTEGRATION_REQ_FLAG} &lt;&gt;&quot;Y&quot;" FlowControlAction="GoToActivityByName" Guid="4a6b44c3-bcd1-4a0d-b62f-61528b7b7500" ParentGuid="00000000-0000-0000-0000-000000000000" Value="Initiate_Execution" />
<FlowControl BusinessFlowControlAction="GoToBusinessFlow" Condition="&quot;{ActionStatus}&quot; = &quot;Pass&quot;" FlowControlAction="GoToActivityByName" Guid="b607f8c2-a0a5-4646-90bb-131cd9bfafeb" ParentGuid="00000000-0000-0000-0000-000000000000" Value="Initiate_Execution" />
</FlowControls>

<InputValues>
<ActInputValue Guid="83a84c0b-94c2-4abd-aeef-7b54447883c0" Param="excelFilePath" ParentGuid="00000000-0000-0000-0000-000000000000" StoreToVariable="&quot;{Var Name=BF_CALENDER_EXCEL_PATH}&quot;" Value="&quot;{Var Name=BF_CALENDER_EXCEL_PATH}&quot;" />
<ActInputValue Guid="eaf1be57-04ae-42dc-989a-bdcab704e5e5" Param="excelSheetName" ParentGuid="00000000-0000-0000-0000-000000000000" StoreToVariable="&quot;{Var Name=BF_CALENDER_SHEET_NAME_MAIN}&quot;" Value="&quot;{Var Name=BF_CALENDER_SHEET_NAME_MAIN}&quot;" />
<ActInputValue Guid="1a78241e-d4e4-401e-9976-39b4346cb5c6" Param="PARAM_NAME" ParentGuid="00000000-0000-0000-0000-000000000000" StoreToVariable="SKIP" Value="SKIP" />
<ActInputValue Guid="785ae0ec-0359-4f22-9c67-50807dc9f513" Param="PARAM_VALUE" ParentGuid="00000000-0000-0000-0000-000000000000" StoreToVariable="P" Value="P" />
<ActInputValue Guid="40e69363-cf8a-40ef-b8b6-20f53ae70230" Param="GROUP_NAME" ParentGuid="00000000-0000-0000-0000-000000000000" StoreToVariable="&quot;{VBS Eval=mid(&quot;{Var Name=BF_CALENDER_ROW_DATA}&quot;,InStr(&quot;{Var Name=BF_CALENDER_ROW_DATA}&quot;,&quot;/$/GROUP_NAME/$/&quot;)+Len(&quot;/$/GROUP_NAME/$/&quot;),InStr(mid(&quot;{Var Name=BF_CALENDER_ROW_DATA}&quot;,InStr(&quot;{Var Name=BF_CALENDER_ROW_DATA}&quot;,&quot;/$/GROUP_NAME/$/&quot;)+Len(&quot;/$/GROUP_NAME/$/&quot;),1000),&quot;/$/&quot;)-1)}&quot;" Value="&quot;{VBS Eval=mid(&quot;{Var Name=BF_CALENDER_ROW_DATA}&quot;,InStr(&quot;{Var Name=BF_CALENDER_ROW_DATA}&quot;,&quot;/$/GROUP_NAME/$/&quot;)+Len(&quot;/$/GROUP_NAME/$/&quot;),InStr(mid(&quot;{Var Name=BF_CALENDER_ROW_DATA}&quot;,InStr(&quot;{Var Name=BF_CALENDER_ROW_DATA}&quot;,&quot;/$/GROUP_NAME/$/&quot;)+Len(&quot;/$/GROUP_NAME/$/&quot;),1000),&quot;/$/&quot;)-1)}&quot;" />
</InputValues>
</ActScript>
<ActScript Active="True" Description="UPDATE STATUS IN QC_Passed" Guid="1bf59fbd-f4fa-43d1-a07f-7ad27f98d83f" LocateBy="NA" MaxNumberOfRetries="2" ParentGuid="00000000-0000-0000-0000-000000000000" Platform="NA" RetryMechanismInterval="5" ScriptCommand="Script" ScriptInterpreterType="VBS" ScriptName="QC_UTILITY.vbs" ScriptPath="C:\GingerSourceControl\Solutions\Ginger-Framework-Solution\\Documents\Scripts\" StatusConverter="None" TakeScreenShot="True" WaitVE="0" WindowsToCapture="OnlyActiveWindow">
<FlowControls>
<FlowControl Active="True" BusinessFlowControlAction="GoToBusinessFlow" Condition="&quot;{ActionStatus}&quot; = &quot;Passed&quot;" FlowControlAction="GoToActivityByName" Guid="51ba7983-1697-4386-8b26-53515289f562" ParentGuid="00000000-0000-0000-0000-000000000000" Value="Initiate_Execution" />
</FlowControls>

<InputValues>
<ActInputValue Guid="41e55300-dbfb-4ee5-ad8c-7c1bd0d07732" Param="QC_URL" ParentGuid="00000000-0000-0000-0000-000000000000" StoreToVariable="{EnvParam App=MyWeb Param=ENV_QC_URL}" Value="{EnvParam App=MyWeb Param=ENV_QC_URL}" />
<ActInputValue Guid="b40f3d02-6025-43ec-ac96-feea0c7e9cee" Param="QC_USERNAME" ParentGuid="00000000-0000-0000-0000-000000000000" StoreToVariable="{EnvParam App=MyWeb Param=ENV_QC_USER_NAME}" Value="{EnvParam App=MyWeb Param=ENV_QC_USER_NAME}" />
<ActInputValue Guid="921b4533-a90e-4a22-962c-6b01a8e4a07c" Param="QC_PASSWORD" ParentGuid="00000000-0000-0000-0000-000000000000" StoreToVariable="{EnvParam App=MyWeb Param=ENV_QC_PASSWORD}" Value="{EnvParam App=MyWeb Param=ENV_QC_PASSWORD}" />
<ActInputValue Guid="faacb198-b627-4770-9c5e-e1388e32ce21" Param="QC_DOMAIN" ParentGuid="00000000-0000-0000-0000-000000000000" StoreToVariable="&quot;{EnvParam App=MyWeb Param=ENV_QC_DOMAIN}&quot;" Value="&quot;{EnvParam App=MyWeb Param=ENV_QC_DOMAIN}&quot;" />
<ActInputValue Guid="4a490ae7-3203-4bcd-9a16-282ad9848ab8" Param="QC_PROJECT" ParentGuid="00000000-0000-0000-0000-000000000000" StoreToVariable="&quot;{EnvParam App=MyWeb Param=ENV_QC_PROJECT}&quot;" Value="&quot;{EnvParam App=MyWeb Param=ENV_QC_PROJECT}&quot;" />
<ActInputValue Guid="de5d5f3d-c366-46fa-87f2-84067f2c2f26" Param="QC_PATH" ParentGuid="00000000-0000-0000-0000-000000000000" StoreToVariable="&quot;{EnvParam App=MyWeb Param=ENV_QC_TEST_LAB_PATH}&quot;" Value="&quot;{EnvParam App=MyWeb Param=ENV_QC_TEST_LAB_PATH}&quot;" />
<ActInputValue Guid="d0fac599-83fd-4ef4-9075-97dbc2a77422" Param="QC_TEST_CASE_NAME" ParentGuid="00000000-0000-0000-0000-000000000000" StoreToVariable="&quot;{VBS Eval=mid(&quot;{Var Name=BF_CALENDER_ROW_DATA}&quot;,InStr(&quot;{Var Name=BF_CALENDER_ROW_DATA}&quot;,&quot;TEST_NAME/$/&quot;)+Len(&quot;TEST_NAME/$/&quot;),InStr(mid(&quot;{Var Name=BF_CALENDER_ROW_DATA}&quot;,InStr(&quot;{Var Name=BF_CALENDER_ROW_DATA}&quot;,&quot;TEST_NAME/$/&quot;)+Len(&quot;TEST_NAME/$/&quot;),100),&quot;/$/&quot;)-1)}&quot;" Value="&quot;{VBS Eval=mid(&quot;{Var Name=BF_CALENDER_ROW_DATA}&quot;,InStr(&quot;{Var Name=BF_CALENDER_ROW_DATA}&quot;,&quot;TEST_NAME/$/&quot;)+Len(&quot;TEST_NAME/$/&quot;),InStr(mid(&quot;{Var Name=BF_CALENDER_ROW_DATA}&quot;,InStr(&quot;{Var Name=BF_CALENDER_ROW_DATA}&quot;,&quot;TEST_NAME/$/&quot;)+Len(&quot;TEST_NAME/$/&quot;),100),&quot;/$/&quot;)-1)}&quot;" />
<ActInputValue Guid="fafde9af-06a7-4212-9e02-8f1775fd6fc5" Param="QC_GINGER_ACTIVITY_NAME" ParentGuid="00000000-0000-0000-0000-000000000000" StoreToVariable="&quot;{VBS Eval=mid(&quot;{Var Name=BF_CALENDER_ROW_DATA}&quot;,InStr(&quot;{Var Name=BF_CALENDER_ROW_DATA}&quot;,&quot;ACTIVITY/$/&quot;)+Len(&quot;ACTIVITY/$/&quot;),InStr(mid(&quot;{Var Name=BF_CALENDER_ROW_DATA}&quot;,InStr(&quot;{Var Name=BF_CALENDER_ROW_DATA}&quot;,&quot;ACTIVITY/$/&quot;)+Len(&quot;ACTIVITY/$/&quot;),100),&quot;/$/&quot;)-1)}&quot;" Value="&quot;{VBS Eval=mid(&quot;{Var Name=BF_CALENDER_ROW_DATA}&quot;,InStr(&quot;{Var Name=BF_CALENDER_ROW_DATA}&quot;,&quot;ACTIVITY/$/&quot;)+Len(&quot;ACTIVITY/$/&quot;),InStr(mid(&quot;{Var Name=BF_CALENDER_ROW_DATA}&quot;,InStr(&quot;{Var Name=BF_CALENDER_ROW_DATA}&quot;,&quot;ACTIVITY/$/&quot;)+Len(&quot;ACTIVITY/$/&quot;),100),&quot;/$/&quot;)-1)}&quot;" />
<ActInputValue Guid="04207885-7dcb-4438-8f73-0a72c91d77b1" Param="QC_TEST_CASE_STATUS" ParentGuid="00000000-0000-0000-0000-000000000000" StoreToVariable="&quot;Passed&quot;" Value="&quot;Passed&quot;" />
<ActInputValue Guid="57c549f7-de57-485a-b56b-75597f8f1553" Param="QC_UPLOAD_REQUIRED" ParentGuid="00000000-0000-0000-0000-000000000000" StoreToVariable="&quot;{VBS Eval=mid(&quot;{Var Name=BF_CALENDER_ROW_DATA}&quot;,InStr(&quot;{Var Name=BF_CALENDER_ROW_DATA}&quot;,&quot;QC_UPDATE/$/&quot;)+Len(&quot;QC_UPDATE/$/&quot;),InStr(mid(&quot;{Var Name=BF_CALENDER_ROW_DATA}&quot;,InStr(&quot;{Var Name=BF_CALENDER_ROW_DATA}&quot;,&quot;QC_UPDATE/$/&quot;)+Len(&quot;QC_UPDATE/$/&quot;),100),&quot;/$/&quot;)-1)}&quot;" Value="&quot;{VBS Eval=mid(&quot;{Var Name=BF_CALENDER_ROW_DATA}&quot;,InStr(&quot;{Var Name=BF_CALENDER_ROW_DATA}&quot;,&quot;QC_UPDATE/$/&quot;)+Len(&quot;QC_UPDATE/$/&quot;),InStr(mid(&quot;{Var Name=BF_CALENDER_ROW_DATA}&quot;,InStr(&quot;{Var Name=BF_CALENDER_ROW_DATA}&quot;,&quot;QC_UPDATE/$/&quot;)+Len(&quot;QC_UPDATE/$/&quot;),100),&quot;/$/&quot;)-1)}&quot;" />
<ActInputValue Guid="ffd7bd6c-93c0-4297-af9b-36999ff42145" Param="QC_INTEGRATION_REQUIRED" ParentGuid="00000000-0000-0000-0000-000000000000" StoreToVariable="{Var Name=GBL_QC_INTEGRATION_REQ_FLAG}" Value="{Var Name=GBL_QC_INTEGRATION_REQ_FLAG}" />
</InputValues>
</ActScript>
</Acts>

<Variables>
<VariableString Description="&gt;&gt; Update this variable either &quot;Y&quot; or &quot;N&quot;&lt;&lt;" Guid="6fc77306-342d-4006-835f-7eaf9aaff0fb" InitialStringValue="&quot;N&quot;" MappedOutputType="None" Name="GBL_QC_INTEGRATION_REQ_FLAG" ParentGuid="00000000-0000-0000-0000-000000000000" Value="&quot;N&quot;" />
<VariableString Guid="617fff65-6e6b-4b79-8c15-e4f46bf60a37" MappedOutputType="None" Name="BF_CALENDER_EXCEL_PATH" ParentGuid="f83cb156-f0f6-4255-ae15-fa63033f2e37" ParentName="NSORD_Driver_NEW" ParentType="Business Flow" />
<VariableString Guid="787fd260-3acf-46ea-8bbc-cb393d79e465" InitialStringValue="MAIN" MappedOutputType="None" Name="BF_CALENDER_SHEET_NAME_MAIN" ParentGuid="f83cb156-f0f6-4255-ae15-fa63033f2e37" ParentName="NSORD_Driver_NEW" ParentType="Business Flow" Value="MAIN" />
<VariableString Guid="61c305f3-f69c-4c52-8469-5e6b0ab3a1cf" InitialStringValue="S-REGRESSION_PMT 445705_EDITS_FIDS_S&amp;E SECT_1.52_NSORD.0388/$/Value is Blank/$/CREATED_IN_RELEASE/$/Value is Blank/$/COMMENT/$/Madhuri_Phase_2/$/HEADER/$/Value is Blank/$/ACTION/$/Act_S-REGRESSION_PMT 445705_EDITS_FIDS_S&amp;E SECT_1.52_NSORD.0388/$/ORDER_TYPE/$/N/$/STATE_CODE/$/Value is Blank/$/NEW_ORDER_NUM/$/N663784/$/EXPECTED_EDIT/$/NOEDIT/$/SKIP_EDIT/$/Value is Blank/$/ST/$/O/$/EXPECTED_STRING/$/READY FOR DISTRIBUTION/$/SKIP_ACTIVITY/$/Value is Blank/$/U5RRX/$/I    U5RRX /LRS OPDA/$/FL_FID/$/Value is Blank/$/ACTION_I_LH_FID/$/ICLT 41.SFGS.219.033.6825/$/FL_FID_/PIC/$//PIC NO/$/FID_/LPIC/$//LPIC NONE/$/SM_DATA/$/SM   CE 01-25-2017 0830A/$/CS_DATA/$/WSQ" MappedOutputType="None" Name="BF_CALENDER_ROW_DATA" ParentGuid="00000000-0000-0000-0000-000000000000" Value="S-REGRESSION_PMT 445705_EDITS_FIDS_S&amp;E SECT_1.52_NSORD.0388/$/Value is Blank/$/CREATED_IN_RELEASE/$/Value is Blank/$/COMMENT/$/Madhuri_Phase_2/$/HEADER/$/Value is Blank/$/ACTION/$/Act_S-REGRESSION_PMT 445705_EDITS_FIDS_S&amp;E SECT_1.52_NSORD.0388/$/ORDER_TYPE/$/N/$/STATE_CODE/$/Value is Blank/$/NEW_ORDER_NUM/$/N663784/$/EXPECTED_EDIT/$/NOEDIT/$/SKIP_EDIT/$/Value is Blank/$/ST/$/O/$/EXPECTED_STRING/$/READY FOR DISTRIBUTION/$/SKIP_ACTIVITY/$/Value is Blank/$/U5RRX/$/I    U5RRX /LRS OPDA/$/FL_FID/$/Value is Blank/$/ACTION_I_LH_FID/$/ICLT 41.SFGS.219.033.6825/$/FL_FID_/PIC/$//PIC NO/$/FID_/LPIC/$//LPIC NONE/$/SM_DATA/$/SM   CE 01-25-2017 0830A/$/CS_DATA/$/WSQ" />
</Variables>
</Activity>
<Activity ActionRunOption="ContinueActionsRunOnFailure" Active="True" ActivityName="UpdateExecutionStatus_FAIL" AutomationStatus="Automated" Description="Fail test case in Calender &amp; QC" ErrorHandlerMappingType="AllAvailableHandlers" Guid="38e68b67-c347-4362-9a1a-f8f35ab46ba4" ParentGuid="467a2b66-b32a-4704-941f-d44be462ac80" PercentAutomated="100%" TargetApplication="MyWebServicesApp">
<Acts>
<ActSetVariableValue Active="True" Description="Set Variable to TEMP" Guid="8ff53a4d-1866-4195-8cd4-5ac18126c9ee" LocateBy="NA" MaxNumberOfRetries="2" ParentGuid="00000000-0000-0000-0000-000000000000" Platform="NA" RetryMechanismInterval="5" SetVariableValueOption="SetValue" StatusConverter="None" TakeScreenShot="True" VariableName="BF_TEMP" WaitVE="0" WindowsToCapture="OnlyActiveWindow">
<InputValues>
<ActInputValue Guid="9bebf049-9f84-4a43-b318-b0a7bd5803d5" Param="Value" ParentGuid="00000000-0000-0000-0000-000000000000" StoreToVariable="{VBS Eval=mid(&quot;{Var Name=BF_CALENDER_ROW_DATA}&quot;,InStr(&quot;{Var Name=BF_CALENDER_ROW_DATA}&quot;,&quot;GROUP_NAME/$/&quot;)+Len(&quot;GROUP_NAME/$/&quot;),InStr(mid(&quot;{Var Name=BF_CALENDER_ROW_DATA}&quot;,InStr(&quot;{Var Name=BF_CALENDER_ROW_DATA}&quot;,&quot;GROUP_NAME/$/&quot;)+Len(&quot;GROUP_NAME/$/&quot;),100),&quot;/$/&quot;)-1)}&#xD;&#xA;&#xD;&#xA;" Value="{VBS Eval=mid(&quot;{Var Name=BF_CALENDER_ROW_DATA}&quot;,InStr(&quot;{Var Name=BF_CALENDER_ROW_DATA}&quot;,&quot;GROUP_NAME/$/&quot;)+Len(&quot;GROUP_NAME/$/&quot;),InStr(mid(&quot;{Var Name=BF_CALENDER_ROW_DATA}&quot;,InStr(&quot;{Var Name=BF_CALENDER_ROW_DATA}&quot;,&quot;GROUP_NAME/$/&quot;)+Len(&quot;GROUP_NAME/$/&quot;),100),&quot;/$/&quot;)-1)}&#xD;&#xA;&#xD;&#xA;" />
</InputValues>
</ActSetVariableValue>
<ActScript Active="True" Description="Write status to Fail" Guid="724a8730-27df-4658-bf48-e273caec1120" LocateBy="NA" MaxNumberOfRetries="2" ParentGuid="00000000-0000-0000-0000-000000000000" Platform="NA" RetryMechanismInterval="5" ScriptCommand="Script" ScriptInterpreterType="VBS" ScriptName="Write_Data.vbs" ScriptPath="C:\GingerSourceControl\Solutions\Ginger-Framework-Solution\\Documents\Scripts\" StatusConverter="None" TakeScreenShot="True" WaitVE="1" WindowsToCapture="OnlyActiveWindow">
<FlowControls>
<FlowControl Active="True" BusinessFlowControlAction="GoToBusinessFlow" Condition="{Var Name=GBL_QC_INTEGRATION_REQ_FLAG} &lt;&gt;&quot;Y&quot;" FlowControlAction="GoToAction" Guid="49e1eeb6-8c77-4429-85bc-09ad24e04d52" ParentGuid="00000000-0000-0000-0000-000000000000" Value="67027f3d-bc9c-4b62-9dec-8b5a2387f5f9#GUID_NAME#SET Varibale value to 0" />
</FlowControls>

<InputValues>
<ActInputValue Guid="6f4c9632-6dc9-4edc-82c4-571e633cbc43" Param="excelFilePath" ParentGuid="00000000-0000-0000-0000-000000000000" StoreToVariable="&quot;{Var Name=BF_CALENDER_EXCEL_PATH}&quot;" Value="&quot;{Var Name=BF_CALENDER_EXCEL_PATH}&quot;" />
<ActInputValue Guid="6929c092-1bfa-4cec-b9e4-52a42e859e8c" Param="excelSheetName" ParentGuid="00000000-0000-0000-0000-000000000000" StoreToVariable="&quot;{Var Name=BF_CALENDER_SHEET_NAME_MAIN}&quot;" Value="&quot;{Var Name=BF_CALENDER_SHEET_NAME_MAIN}&quot;" />
<ActInputValue Guid="9d868f3a-d71f-4e74-bbaa-ef7df11026ec" Param="PARAM_NAME" ParentGuid="00000000-0000-0000-0000-000000000000" StoreToVariable="SKIP" Value="SKIP" />
<ActInputValue Guid="100ada54-279e-4ab3-aefe-b96fbab6951a" Param="PARAM_VALUE" ParentGuid="00000000-0000-0000-0000-000000000000" StoreToVariable="F" Value="F" />
<ActInputValue Guid="0938c071-3817-4cda-8488-c55850c562bc" Param="GROUP_NAME" ParentGuid="00000000-0000-0000-0000-000000000000" StoreToVariable="&quot;{VBS Eval=mid(&quot;{Var Name=BF_CALENDER_ROW_DATA}&quot;,InStr(&quot;{Var Name=BF_CALENDER_ROW_DATA}&quot;,&quot;/$/GROUP_NAME/$/&quot;)+Len(&quot;/$/GROUP_NAME/$/&quot;),InStr(mid(&quot;{Var Name=BF_CALENDER_ROW_DATA}&quot;,InStr(&quot;{Var Name=BF_CALENDER_ROW_DATA}&quot;,&quot;/$/GROUP_NAME/$/&quot;)+Len(&quot;/$/GROUP_NAME/$/&quot;),1000),&quot;/$/&quot;)-1)}&quot;" Value="&quot;{VBS Eval=mid(&quot;{Var Name=BF_CALENDER_ROW_DATA}&quot;,InStr(&quot;{Var Name=BF_CALENDER_ROW_DATA}&quot;,&quot;/$/GROUP_NAME/$/&quot;)+Len(&quot;/$/GROUP_NAME/$/&quot;),InStr(mid(&quot;{Var Name=BF_CALENDER_ROW_DATA}&quot;,InStr(&quot;{Var Name=BF_CALENDER_ROW_DATA}&quot;,&quot;/$/GROUP_NAME/$/&quot;)+Len(&quot;/$/GROUP_NAME/$/&quot;),1000),&quot;/$/&quot;)-1)}&quot;" />
</InputValues>
</ActScript>
<ActScript Active="True" Description="UPDATE STATUS IN QC_Failed" Guid="6bd895f7-ec6b-4d5d-8290-cc927cd57ea6" LocateBy="NA" MaxNumberOfRetries="2" ParentGuid="00000000-0000-0000-0000-000000000000" Platform="NA" RetryMechanismInterval="5" ScriptCommand="Script" ScriptInterpreterType="VBS" ScriptName="QC_UTILITY.vbs" ScriptPath="C:\GingerSourceControl\Solutions\Ginger-Framework-Solution\\Documents\Scripts\" StatusConverter="None" TakeScreenShot="True" WaitVE="0" WindowsToCapture="OnlyActiveWindow">
<InputValues>
<ActInputValue Guid="05fa30a5-4c46-4721-af0c-3640e7a4e6ff" Param="QC_URL" ParentGuid="00000000-0000-0000-0000-000000000000" StoreToVariable="{EnvParam App=MyWeb Param=ENV_QC_URL}" Value="{EnvParam App=MyWeb Param=ENV_QC_URL}" />
<ActInputValue Guid="202d384d-6d7e-4f58-8387-3e4bb9fd09f6" Param="QC_USERNAME" ParentGuid="00000000-0000-0000-0000-000000000000" StoreToVariable="{EnvParam App=MyWeb Param=ENV_QC_USER_NAME}" Value="{EnvParam App=MyWeb Param=ENV_QC_USER_NAME}" />
<ActInputValue Guid="254c7e46-9246-4b7a-abf2-8e13ee8589f0" Param="QC_PASSWORD" ParentGuid="00000000-0000-0000-0000-000000000000" StoreToVariable="{EnvParam App=MyWeb Param=ENV_QC_PASSWORD}" Value="{EnvParam App=MyWeb Param=ENV_QC_PASSWORD}" />
<ActInputValue Guid="a622defb-50e9-4ad7-9423-ece86d004289" Param="QC_DOMAIN" ParentGuid="00000000-0000-0000-0000-000000000000" StoreToVariable="{EnvParam App=MyWeb Param=ENV_QC_DOMAIN}" Value="{EnvParam App=MyWeb Param=ENV_QC_DOMAIN}" />
<ActInputValue Guid="32ca7870-4404-443f-b06c-153df96007df" Param="QC_PROJECT" ParentGuid="00000000-0000-0000-0000-000000000000" StoreToVariable="&quot;{EnvParam App=MyWeb Param=ENV_QC_PROJECT}&quot;" Value="&quot;{EnvParam App=MyWeb Param=ENV_QC_PROJECT}&quot;" />
<ActInputValue Guid="18f3aaae-bc7a-4a97-ab57-53788d88abeb" Param="QC_PATH" ParentGuid="00000000-0000-0000-0000-000000000000" StoreToVariable="&quot;{EnvParam App=MyWeb Param=ENV_QC_TEST_LAB_PATH}&quot;" Value="&quot;{EnvParam App=MyWeb Param=ENV_QC_TEST_LAB_PATH}&quot;" />
<ActInputValue Guid="96df17bf-589f-4720-8fe6-b9325aa4d619" Param="QC_TEST_CASE_NAME" ParentGuid="00000000-0000-0000-0000-000000000000" StoreToVariable="&quot;{VBS Eval=mid(&quot;{Var Name=BF_CALENDER_ROW_DATA}&quot;,InStr(&quot;{Var Name=BF_CALENDER_ROW_DATA}&quot;,&quot;TEST_NAME/$/&quot;)+Len(&quot;TEST_NAME/$/&quot;),InStr(mid(&quot;{Var Name=BF_CALENDER_ROW_DATA}&quot;,InStr(&quot;{Var Name=BF_CALENDER_ROW_DATA}&quot;,&quot;TEST_NAME/$/&quot;)+Len(&quot;TEST_NAME/$/&quot;),100),&quot;/$/&quot;)-1)}&quot;" Value="&quot;{VBS Eval=mid(&quot;{Var Name=BF_CALENDER_ROW_DATA}&quot;,InStr(&quot;{Var Name=BF_CALENDER_ROW_DATA}&quot;,&quot;TEST_NAME/$/&quot;)+Len(&quot;TEST_NAME/$/&quot;),InStr(mid(&quot;{Var Name=BF_CALENDER_ROW_DATA}&quot;,InStr(&quot;{Var Name=BF_CALENDER_ROW_DATA}&quot;,&quot;TEST_NAME/$/&quot;)+Len(&quot;TEST_NAME/$/&quot;),100),&quot;/$/&quot;)-1)}&quot;" />
<ActInputValue Guid="016c7110-8a72-4c05-a226-6c9ad50981c6" Param="QC_GINGER_ACTIVITY_NAME" ParentGuid="00000000-0000-0000-0000-000000000000" StoreToVariable="&quot;{VBS Eval=mid(&quot;{Var Name=BF_CALENDER_ROW_DATA}&quot;,InStr(&quot;{Var Name=BF_CALENDER_ROW_DATA}&quot;,&quot;ACTIVITY/$/&quot;)+Len(&quot;ACTIVITY/$/&quot;),InStr(mid(&quot;{Var Name=BF_CALENDER_ROW_DATA}&quot;,InStr(&quot;{Var Name=BF_CALENDER_ROW_DATA}&quot;,&quot;ACTIVITY/$/&quot;)+Len(&quot;ACTIVITY/$/&quot;),100),&quot;/$/&quot;)-1)}&quot;" Value="&quot;{VBS Eval=mid(&quot;{Var Name=BF_CALENDER_ROW_DATA}&quot;,InStr(&quot;{Var Name=BF_CALENDER_ROW_DATA}&quot;,&quot;ACTIVITY/$/&quot;)+Len(&quot;ACTIVITY/$/&quot;),InStr(mid(&quot;{Var Name=BF_CALENDER_ROW_DATA}&quot;,InStr(&quot;{Var Name=BF_CALENDER_ROW_DATA}&quot;,&quot;ACTIVITY/$/&quot;)+Len(&quot;ACTIVITY/$/&quot;),100),&quot;/$/&quot;)-1)}&quot;" />
<ActInputValue Guid="d9888b53-91e4-43ef-9f0e-b9a1c20b3b3c" Param="QC_TEST_CASE_STATUS" ParentGuid="00000000-0000-0000-0000-000000000000" StoreToVariable="&quot;Failed&quot;" Value="&quot;Failed&quot;" />
<ActInputValue Guid="63e8abda-cead-49c4-a731-65c7aed6a3c7" Param="QC_UPLOAD_REQUIRED" ParentGuid="00000000-0000-0000-0000-000000000000" StoreToVariable="&quot;{VBS Eval=mid(&quot;{Var Name=BF_CALENDER_ROW_DATA}&quot;,InStr(&quot;{Var Name=BF_CALENDER_ROW_DATA}&quot;,&quot;QC_UPDATE/$/&quot;)+Len(&quot;QC_UPDATE/$/&quot;),InStr(mid(&quot;{Var Name=BF_CALENDER_ROW_DATA}&quot;,InStr(&quot;{Var Name=BF_CALENDER_ROW_DATA}&quot;,&quot;QC_UPDATE/$/&quot;)+Len(&quot;QC_UPDATE/$/&quot;),100),&quot;/$/&quot;)-1)}&quot;" Value="&quot;{VBS Eval=mid(&quot;{Var Name=BF_CALENDER_ROW_DATA}&quot;,InStr(&quot;{Var Name=BF_CALENDER_ROW_DATA}&quot;,&quot;QC_UPDATE/$/&quot;)+Len(&quot;QC_UPDATE/$/&quot;),InStr(mid(&quot;{Var Name=BF_CALENDER_ROW_DATA}&quot;,InStr(&quot;{Var Name=BF_CALENDER_ROW_DATA}&quot;,&quot;QC_UPDATE/$/&quot;)+Len(&quot;QC_UPDATE/$/&quot;),100),&quot;/$/&quot;)-1)}&quot;" />
<ActInputValue Guid="c1f02ecd-0792-4d7f-9285-c7946e1ab9de" Param="QC_INTEGRATION_REQUIRED" ParentGuid="00000000-0000-0000-0000-000000000000" StoreToVariable="{Var Name=GBL_QC_INTEGRATION_REQ_FLAG}" Value="{Var Name=GBL_QC_INTEGRATION_REQ_FLAG}" />
</InputValues>
</ActScript>
<ActSetVariableValue Active="True" Description="SET Varibale value to 0" Guid="67027f3d-bc9c-4b62-9dec-8b5a2387f5f9" LocateBy="NA" MaxNumberOfRetries="2" ParentGuid="00000000-0000-0000-0000-000000000000" Platform="NA" RetryMechanismInterval="5" SetVariableValueOption="SetValue" StatusConverter="None" TakeScreenShot="True" VariableName="BF_CALENDER_ROW_DATA" WaitVE="1" WindowsToCapture="OnlyActiveWindow">
<InputValues>
<ActInputValue Guid="c3a1956f-e36b-4a6a-a034-d1740695481e" Param="Value" ParentGuid="00000000-0000-0000-0000-000000000000" StoreToVariable="0" Value="0" />
</InputValues>
</ActSetVariableValue>
<ActScript Active="True" Description="READ EXCEL ROW DATA" Guid="f268e65f-8b4a-4e57-854e-c8697df9a56b" LocateBy="NA" MaxNumberOfRetries="2" ParentGuid="00000000-0000-0000-0000-000000000000" Platform="NA" RetryMechanismInterval="5" ScriptCommand="Script" ScriptInterpreterType="VBS" ScriptName="Read_By_Concatinate.vbs" ScriptPath="C:\GingerSourceControl\Solutions\Ginger-Framework-Solution\\Documents\Scripts\" StatusConverter="None" TakeScreenShot="True" WaitVE="2" WindowsToCapture="OnlyActiveWindow">
<FlowControls>
<FlowControl Active="True" BusinessFlowControlAction="GoToBusinessFlow" Condition="&quot;{ActionStatus}&quot; = &quot;Failed&quot;" FlowControlAction="StopRun" Guid="faad357f-19d0-4485-aee6-c743c80b6f6a" ParentGuid="00000000-0000-0000-0000-000000000000" />
</FlowControls>

<InputValues>
<ActInputValue Guid="ed2712f6-7269-4030-bfb4-b66dd5792bde" Param="Value" ParentGuid="00000000-0000-0000-0000-000000000000" />
<ActInputValue Guid="0a2e2e0c-ba80-48e9-aba2-503bed26d7e0" Param="excelFilePath" ParentGuid="00000000-0000-0000-0000-000000000000" StoreToVariable="{Var Name=BF_CALENDER_EXCEL_PATH}" Value="{Var Name=BF_CALENDER_EXCEL_PATH}" />
<ActInputValue Guid="d5988f95-b3e9-48f0-a47f-22f6ee882373" Param="excelSheetName" ParentGuid="00000000-0000-0000-0000-000000000000" StoreToVariable="{Var Name=BF_CALENDER_SHEET_NAME_MAIN}" Value="{Var Name=BF_CALENDER_SHEET_NAME_MAIN}" />
</InputValues>

<ReturnValues>
<ActReturnValue Active="True" Guid="d979e80d-4fe5-4b75-aeb4-b6502c75531b" Param="Outputvalue " ParentGuid="00000000-0000-0000-0000-000000000000" StoreTo="Variable" StoreToValue="BF_CALENDER_ROW_DATA" />
</ReturnValues>
</ActScript>
<ActSetVariableValue Active="True" Description="Set Variable to TEMP1" Guid="b22344d3-b4f5-4d76-aecf-5c00ce3187f1" LocateBy="NA" MaxNumberOfRetries="2" ParentGuid="00000000-0000-0000-0000-000000000000" Platform="NA" RetryMechanismInterval="5" SetVariableValueOption="SetValue" StatusConverter="None" TakeScreenShot="True" VariableName="BF_TEMP1" WaitVE="1" WindowsToCapture="OnlyActiveWindow">
<InputValues>
<ActInputValue Guid="cfd6d548-f127-47db-bc25-ce895039668e" Param="Value" ParentGuid="00000000-0000-0000-0000-000000000000" StoreToVariable="{VBS Eval=mid(&quot;{Var Name=BF_CALENDER_ROW_DATA}&quot;,InStr(&quot;{Var Name=BF_CALENDER_ROW_DATA}&quot;,&quot;GROUP_NAME/$/&quot;)+Len(&quot;GROUP_NAME/$/&quot;),InStr(mid(&quot;{Var Name=BF_CALENDER_ROW_DATA}&quot;,InStr(&quot;{Var Name=BF_CALENDER_ROW_DATA}&quot;,&quot;GROUP_NAME/$/&quot;)+Len(&quot;GROUP_NAME/$/&quot;),100),&quot;/$/&quot;)-1)}&#xD;&#xA;&#xD;&#xA;" Value="{VBS Eval=mid(&quot;{Var Name=BF_CALENDER_ROW_DATA}&quot;,InStr(&quot;{Var Name=BF_CALENDER_ROW_DATA}&quot;,&quot;GROUP_NAME/$/&quot;)+Len(&quot;GROUP_NAME/$/&quot;),InStr(mid(&quot;{Var Name=BF_CALENDER_ROW_DATA}&quot;,InStr(&quot;{Var Name=BF_CALENDER_ROW_DATA}&quot;,&quot;GROUP_NAME/$/&quot;)+Len(&quot;GROUP_NAME/$/&quot;),100),&quot;/$/&quot;)-1)}&#xD;&#xA;&#xD;&#xA;" />
</InputValues>
</ActSetVariableValue>
<ActDummy Active="True" Description="Validate Group Name" Guid="5213c590-9e1e-4aee-b753-c1619ceb71c2" LocateBy="NA" MaxNumberOfRetries="2" ParentGuid="00000000-0000-0000-0000-000000000000" Platform="NA" RetryMechanismInterval="5" StatusConverter="None" TakeScreenShot="True" WaitVE="1" WindowsToCapture="OnlyActiveWindow">
<FlowControls>
<FlowControl Active="True" BusinessFlowControlAction="GoToBusinessFlow" Condition="&quot;{Var Name=BF_TEMP}&quot;=&quot;{Var Name=BF_TEMP1}&quot;" FlowControlAction="GoToAction" Guid="2d8da8de-7c38-4e5a-afc1-1603f50a8ff5" ParentGuid="00000000-0000-0000-0000-000000000000" Value="7578affc-1b22-44c1-85fd-623716f5dfc0#GUID_NAME#Write status to N" />
<FlowControl Active="True" BusinessFlowControlAction="GoToBusinessFlow" Condition="1=1" FlowControlAction="GoToActivityByName" Guid="249d49ee-1255-4944-b6ef-3f5f48491306" ParentGuid="00000000-0000-0000-0000-000000000000" Value="Initiate_Execution" />
</FlowControls>

<InputValues>
<ActInputValue Guid="f69484f3-c42b-485f-9a8e-4af8dec5c062" Param="Value" ParentGuid="00000000-0000-0000-0000-000000000000" />
</InputValues>
</ActDummy>
<ActScript Active="True" Description="Write status to N" Guid="7578affc-1b22-44c1-85fd-623716f5dfc0" LocateBy="NA" MaxNumberOfRetries="2" ParentGuid="00000000-0000-0000-0000-000000000000" Platform="NA" RetryMechanismInterval="5" ScriptCommand="Script" ScriptInterpreterType="VBS" ScriptName="Write_Data.vbs" ScriptPath="C:\GingerSourceControl\Solutions\Ginger_Framework_Solution\\Documents\Scripts\" StatusConverter="None" TakeScreenShot="True" WaitVE="1" WindowsToCapture="OnlyActiveWindow">
<FlowControls>
<FlowControl Active="True" BusinessFlowControlAction="GoToBusinessFlow" Condition="{Var Name=GBL_QC_INTEGRATION_REQ_FLAG}&lt;&gt;&quot;Y&quot;" FlowControlAction="GoToAction" Guid="eefec8ca-563b-4345-a43c-3d6e91cd22e4" ParentGuid="00000000-0000-0000-0000-000000000000" Value="f268e65f-8b4a-4e57-854e-c8697df9a56b#GUID_NAME#READ EXCEL ROW DATA" />
<FlowControl Active="True" BusinessFlowControlAction="GoToBusinessFlow" Condition="&quot;{ActionStatus}&quot; = &quot;Passed&quot;" FlowControlAction="GoToAction" Guid="68d7847b-3be6-432f-a1df-147c2116c1f7" ParentGuid="00000000-0000-0000-0000-000000000000" Value="673637b2-1c33-427c-87cf-060c46733916#GUID_NAME#UPDATE STATUS IN QC_No Run" />
</FlowControls>

<InputValues>
<ActInputValue Guid="e98a8831-1844-4c98-8df3-cc854b728b42" Param="excelFilePath" ParentGuid="00000000-0000-0000-0000-000000000000" StoreToVariable="&quot;{Var Name=BF_CALENDER_EXCEL_PATH}&quot;" Value="&quot;{Var Name=BF_CALENDER_EXCEL_PATH}&quot;" />
<ActInputValue Guid="953cbf2f-bee2-4b55-b141-ef5c0c62dfd0" Param="excelSheetName" ParentGuid="00000000-0000-0000-0000-000000000000" StoreToVariable="&quot;{Var Name=BF_CALENDER_SHEET_NAME_MAIN}&quot;" Value="&quot;{Var Name=BF_CALENDER_SHEET_NAME_MAIN}&quot;" />
<ActInputValue Guid="b857979e-76cb-4ded-b66c-b24413264367" Param="PARAM_NAME" ParentGuid="00000000-0000-0000-0000-000000000000" StoreToVariable="SKIP" Value="SKIP" />
<ActInputValue Guid="8ee13f91-5ecd-4564-ba65-f76ada00b718" Param="PARAM_VALUE" ParentGuid="00000000-0000-0000-0000-000000000000" StoreToVariable="N" Value="N" />
<ActInputValue Guid="83ea8efe-d75d-4b6b-9065-ebc1da16ca43" Param="GROUP_NAME" ParentGuid="00000000-0000-0000-0000-000000000000" StoreToVariable="&quot;{VBS Eval=mid(&quot;{Var Name=BF_CALENDER_ROW_DATA}&quot;,InStr(&quot;{Var Name=BF_CALENDER_ROW_DATA}&quot;,&quot;/$/GROUP_NAME/$/&quot;)+Len(&quot;/$/GROUP_NAME/$/&quot;),InStr(mid(&quot;{Var Name=BF_CALENDER_ROW_DATA}&quot;,InStr(&quot;{Var Name=BF_CALENDER_ROW_DATA}&quot;,&quot;/$/GROUP_NAME/$/&quot;)+Len(&quot;/$/GROUP_NAME/$/&quot;),1000),&quot;/$/&quot;)-1)}&quot;" Value="&quot;{VBS Eval=mid(&quot;{Var Name=BF_CALENDER_ROW_DATA}&quot;,InStr(&quot;{Var Name=BF_CALENDER_ROW_DATA}&quot;,&quot;/$/GROUP_NAME/$/&quot;)+Len(&quot;/$/GROUP_NAME/$/&quot;),InStr(mid(&quot;{Var Name=BF_CALENDER_ROW_DATA}&quot;,InStr(&quot;{Var Name=BF_CALENDER_ROW_DATA}&quot;,&quot;/$/GROUP_NAME/$/&quot;)+Len(&quot;/$/GROUP_NAME/$/&quot;),1000),&quot;/$/&quot;)-1)}&quot;" />
</InputValues>
</ActScript>
<ActScript Active="True" Description="UPDATE STATUS IN QC_No Run" Guid="673637b2-1c33-427c-87cf-060c46733916" LocateBy="NA" MaxNumberOfRetries="2" ParentGuid="00000000-0000-0000-0000-000000000000" Platform="NA" RetryMechanismInterval="5" ScriptCommand="Script" ScriptInterpreterType="VBS" ScriptName="QC_UTILITY.vbs" ScriptPath="C:\GingerSourceControl\Solutions\Ginger_Framework_Solution\\Documents\Scripts\" StatusConverter="None" TakeScreenShot="True" WaitVE="0" WindowsToCapture="OnlyActiveWindow">
<FlowControls>
<FlowControl Active="True" BusinessFlowControlAction="GoToBusinessFlow" Condition="&quot;{ActionStatus}&quot; = &quot;Passed&quot;" FlowControlAction="GoToAction" Guid="d1e96012-8a10-4e5f-99c9-da5ca00bf5c0" ParentGuid="00000000-0000-0000-0000-000000000000" Value="f268e65f-8b4a-4e57-854e-c8697df9a56b#GUID_NAME#READ EXCEL ROW DATA" />
</FlowControls>

<InputValues>
<ActInputValue Guid="1cab4f60-a4cc-4610-acae-b6b23ac62b78" Param="QC_URL" ParentGuid="00000000-0000-0000-0000-000000000000" StoreToVariable="{EnvParam App=MyWeb Param=ENV_QC_URL}" Value="{EnvParam App=MyWeb Param=ENV_QC_URL}" />
<ActInputValue Guid="41065897-2035-4715-81df-6ef3eeb37043" Param="QC_USERNAME" ParentGuid="00000000-0000-0000-0000-000000000000" StoreToVariable="{EnvParam App=MyWeb Param=ENV_QC_USER_NAME}" Value="{EnvParam App=MyWeb Param=ENV_QC_USER_NAME}" />
<ActInputValue Guid="d6de7003-e8ca-4ade-8cca-ad91427af419" Param="QC_PASSWORD" ParentGuid="00000000-0000-0000-0000-000000000000" StoreToVariable="{EnvParam App=MyWeb Param=ENV_QC_PASSWORD}" Value="{EnvParam App=MyWeb Param=ENV_QC_PASSWORD}" />
<ActInputValue Guid="eb3a2b91-b02e-4d4b-b133-52f099d714cb" Param="QC_DOMAIN" ParentGuid="00000000-0000-0000-0000-000000000000" StoreToVariable="{EnvParam App=MyWeb Param=ENV_QC_DOMAIN}" Value="{EnvParam App=MyWeb Param=ENV_QC_DOMAIN}" />
<ActInputValue Guid="655ea601-ca70-42c7-bec3-a277ed93d2b0" Param="QC_PROJECT" ParentGuid="00000000-0000-0000-0000-000000000000" StoreToVariable="{EnvParam App=MyWeb Param=ENV_QC_PROJECT}" Value="{EnvParam App=MyWeb Param=ENV_QC_PROJECT}" />
<ActInputValue Guid="1c158a2a-85c5-4b8d-b926-5efa8d48113f" Param="QC_PATH" ParentGuid="00000000-0000-0000-0000-000000000000" StoreToVariable="&quot;{EnvParam App=MyWeb Param=ENV_QC_TEST_LAB_PATH}&quot;" Value="&quot;{EnvParam App=MyWeb Param=ENV_QC_TEST_LAB_PATH}&quot;" />
<ActInputValue Guid="2e01b092-3784-4195-8d46-f7dc8b0da1ad" Param="QC_TEST_CASE_NAME" ParentGuid="00000000-0000-0000-0000-000000000000" StoreToVariable="&quot;{VBS Eval=mid(&quot;{Var Name=BF_CALENDER_ROW_DATA}&quot;,InStr(&quot;{Var Name=BF_CALENDER_ROW_DATA}&quot;,&quot;TEST_NAME/$/&quot;)+Len(&quot;TEST_NAME/$/&quot;),InStr(mid(&quot;{Var Name=BF_CALENDER_ROW_DATA}&quot;,InStr(&quot;{Var Name=BF_CALENDER_ROW_DATA}&quot;,&quot;TEST_NAME/$/&quot;)+Len(&quot;TEST_NAME/$/&quot;),100),&quot;/$/&quot;)-1)}&quot;" Value="&quot;{VBS Eval=mid(&quot;{Var Name=BF_CALENDER_ROW_DATA}&quot;,InStr(&quot;{Var Name=BF_CALENDER_ROW_DATA}&quot;,&quot;TEST_NAME/$/&quot;)+Len(&quot;TEST_NAME/$/&quot;),InStr(mid(&quot;{Var Name=BF_CALENDER_ROW_DATA}&quot;,InStr(&quot;{Var Name=BF_CALENDER_ROW_DATA}&quot;,&quot;TEST_NAME/$/&quot;)+Len(&quot;TEST_NAME/$/&quot;),100),&quot;/$/&quot;)-1)}&quot;" />
<ActInputValue Guid="3225a9f0-1d89-4ac7-be37-2e34bfa6dee0" Param="QC_GINGER_ACTIVITY_NAME" ParentGuid="00000000-0000-0000-0000-000000000000" StoreToVariable="&quot;{VBS Eval=mid(&quot;{Var Name=BF_CALENDER_ROW_DATA}&quot;,InStr(&quot;{Var Name=BF_CALENDER_ROW_DATA}&quot;,&quot;ACTIVITY/$/&quot;)+Len(&quot;ACTIVITY/$/&quot;),InStr(mid(&quot;{Var Name=BF_CALENDER_ROW_DATA}&quot;,InStr(&quot;{Var Name=BF_CALENDER_ROW_DATA}&quot;,&quot;ACTIVITY/$/&quot;)+Len(&quot;ACTIVITY/$/&quot;),100),&quot;/$/&quot;)-1)}&quot;" Value="&quot;{VBS Eval=mid(&quot;{Var Name=BF_CALENDER_ROW_DATA}&quot;,InStr(&quot;{Var Name=BF_CALENDER_ROW_DATA}&quot;,&quot;ACTIVITY/$/&quot;)+Len(&quot;ACTIVITY/$/&quot;),InStr(mid(&quot;{Var Name=BF_CALENDER_ROW_DATA}&quot;,InStr(&quot;{Var Name=BF_CALENDER_ROW_DATA}&quot;,&quot;ACTIVITY/$/&quot;)+Len(&quot;ACTIVITY/$/&quot;),100),&quot;/$/&quot;)-1)}&quot;" />
<ActInputValue Guid="09b0c82a-512a-4bc3-86c8-e51aeb19b1a1" Param="QC_TEST_CASE_STATUS" ParentGuid="00000000-0000-0000-0000-000000000000" StoreToVariable="&quot;No Run&quot;" Value="&quot;No Run&quot;" />
<ActInputValue Guid="55fccf89-64e9-49c9-b0f5-ddb065230515" Param="QC_UPLOAD_REQUIRED" ParentGuid="00000000-0000-0000-0000-000000000000" StoreToVariable="&quot;{VBS Eval=mid(&quot;{Var Name=BF_CALENDER_ROW_DATA}&quot;,InStr(&quot;{Var Name=BF_CALENDER_ROW_DATA}&quot;,&quot;QC_UPDATE/$/&quot;)+Len(&quot;QC_UPDATE/$/&quot;),InStr(mid(&quot;{Var Name=BF_CALENDER_ROW_DATA}&quot;,InStr(&quot;{Var Name=BF_CALENDER_ROW_DATA}&quot;,&quot;QC_UPDATE/$/&quot;)+Len(&quot;QC_UPDATE/$/&quot;),100),&quot;/$/&quot;)-1)}&quot;" Value="&quot;{VBS Eval=mid(&quot;{Var Name=BF_CALENDER_ROW_DATA}&quot;,InStr(&quot;{Var Name=BF_CALENDER_ROW_DATA}&quot;,&quot;QC_UPDATE/$/&quot;)+Len(&quot;QC_UPDATE/$/&quot;),InStr(mid(&quot;{Var Name=BF_CALENDER_ROW_DATA}&quot;,InStr(&quot;{Var Name=BF_CALENDER_ROW_DATA}&quot;,&quot;QC_UPDATE/$/&quot;)+Len(&quot;QC_UPDATE/$/&quot;),100),&quot;/$/&quot;)-1)}&quot;" />
<ActInputValue Guid="0b7cc967-ac56-408f-bc71-db606f739659" Param="QC_INTEGRATION_REQUIRED" ParentGuid="00000000-0000-0000-0000-000000000000" StoreToVariable="{Var Name=GBL_QC_INTEGRATION_REQ_FLAG}" Value="{Var Name=GBL_QC_INTEGRATION_REQ_FLAG}" />
</InputValues>
</ActScript>
</Acts>

<Variables>
<VariableString Guid="444a1d1f-76d1-4742-ad3c-a52421adc525" InitialStringValue="S-REGRESSION_PMT 445705_EDITS_FIDS_S&amp;E SECT_1.52_NSORD.0388/$/Value is Blank/$/CREATED_IN_RELEASE/$/Value is Blank/$/COMMENT/$/Madhuri_Phase_2/$/HEADER/$/Value is Blank/$/ACTION/$/Act_S-REGRESSION_PMT 445705_EDITS_FIDS_S&amp;E SECT_1.52_NSORD.0388/$/ORDER_TYPE/$/N/$/STATE_CODE/$/Value is Blank/$/NEW_ORDER_NUM/$/N663784/$/EXPECTED_EDIT/$/NOEDIT/$/SKIP_EDIT/$/Value is Blank/$/ST/$/O/$/EXPECTED_STRING/$/READY FOR DISTRIBUTION/$/SKIP_ACTIVITY/$/Value is Blank/$/U5RRX/$/I    U5RRX /LRS OPDA/$/FL_FID/$/Value is Blank/$/ACTION_I_LH_FID/$/ICLT 41.SFGS.219.033.6825/$/FL_FID_/PIC/$//PIC NO/$/FID_/LPIC/$//LPIC NONE/$/SM_DATA/$/SM   CE 01-25-2017 0830A/$/CS_DATA/$/WSQ" MappedOutputType="None" Name="BF_CALENDER_ROW_DATA" ParentGuid="00000000-0000-0000-0000-000000000000" Value="S-REGRESSION_PMT 445705_EDITS_FIDS_S&amp;E SECT_1.52_NSORD.0388/$/Value is Blank/$/CREATED_IN_RELEASE/$/Value is Blank/$/COMMENT/$/Madhuri_Phase_2/$/HEADER/$/Value is Blank/$/ACTION/$/Act_S-REGRESSION_PMT 445705_EDITS_FIDS_S&amp;E SECT_1.52_NSORD.0388/$/ORDER_TYPE/$/N/$/STATE_CODE/$/Value is Blank/$/NEW_ORDER_NUM/$/N663784/$/EXPECTED_EDIT/$/NOEDIT/$/SKIP_EDIT/$/Value is Blank/$/ST/$/O/$/EXPECTED_STRING/$/READY FOR DISTRIBUTION/$/SKIP_ACTIVITY/$/Value is Blank/$/U5RRX/$/I    U5RRX /LRS OPDA/$/FL_FID/$/Value is Blank/$/ACTION_I_LH_FID/$/ICLT 41.SFGS.219.033.6825/$/FL_FID_/PIC/$//PIC NO/$/FID_/LPIC/$//LPIC NONE/$/SM_DATA/$/SM   CE 01-25-2017 0830A/$/CS_DATA/$/WSQ" />
<VariableString Description="&gt;&gt; Update this variable either &quot;Y&quot; or &quot;N&quot;&lt;&lt;" Guid="d387ef23-b975-4245-bb37-4812378823a6" InitialStringValue="&quot;N&quot;" MappedOutputType="None" Name="GBL_QC_INTEGRATION_REQ_FLAG" ParentGuid="00000000-0000-0000-0000-000000000000" Value="&quot;N&quot;" />
<VariableString Guid="855a8f13-9327-4567-8ccb-35a1385d0b2d" MappedOutputType="None" Name="BF_CALENDER_EXCEL_PATH" ParentGuid="f83cb156-f0f6-4255-ae15-fa63033f2e37" ParentName="NSORD_Driver_NEW" ParentType="Business Flow" />
<VariableString Guid="e4ee03e0-c3b5-4563-a689-89a77a9a0aa1" InitialStringValue="MAIN" MappedOutputType="None" Name="BF_CALENDER_SHEET_NAME_MAIN" ParentGuid="f83cb156-f0f6-4255-ae15-fa63033f2e37" ParentName="NSORD_Driver_NEW" ParentType="Business Flow" Value="MAIN" />
<VariableString Guid="02ac2d4f-8f32-438f-9235-47ce96e4db02" InitialStringValue="ACTION,Act_Search,SEARCH_STRING,Amdocs" MappedOutputType="None" Name="BF_TEMP" ParentGuid="00000000-0000-0000-0000-000000000000" Value="ACTION,Act_Search,SEARCH_STRING,Amdocs" />
<VariableString Guid="4e902f15-9015-4b08-8a6e-6197b543dc99" InitialStringValue="C&#xD;&#xA;&#xD;&#xA;" MappedOutputType="None" Name="BF_TEMP1" ParentGuid="00000000-0000-0000-0000-000000000000" Value="C&#xD;&#xA;&#xD;&#xA;" />
</Variables>
</Activity>
<Activity ActionRunOption="ContinueActionsRunOnFailure" Active="True" ActivityName="UpdateExecutionStatus_NO_RUN" AutomationStatus="Automated" Description="Fail test case in Calender &amp; QC" ErrorHandlerMappingType="AllAvailableHandlers" Guid="9a562bcb-a413-4576-97f8-b66fd468210f" ParentGuid="8f2e38f8-f1c0-4ef3-9156-161e3ab1083a" PercentAutomated="100%" TargetApplication="MyWebServicesApp">
<Acts>
<ActSetVariableValue Active="True" Description="Set Variable to TEMP" Guid="1c50e945-61a6-47d7-93a1-4365037dec45" LocateBy="NA" MaxNumberOfRetries="2" ParentGuid="00000000-0000-0000-0000-000000000000" Platform="NA" RetryMechanismInterval="5" SetVariableValueOption="SetValue" StatusConverter="None" TakeScreenShot="True" VariableName="BF_TEMP" WaitVE="0" WindowsToCapture="OnlyActiveWindow">
<InputValues>
<ActInputValue Guid="1c1c8624-c0f5-4351-bfca-b94eea57288d" Param="Value" ParentGuid="00000000-0000-0000-0000-000000000000" StoreToVariable="{VBS Eval=mid(&quot;{Var Name=BF_CALENDER_ROW_DATA}&quot;,InStr(&quot;{Var Name=BF_CALENDER_ROW_DATA}&quot;,&quot;GROUP_NAME/$/&quot;)+Len(&quot;GROUP_NAME/$/&quot;),InStr(mid(&quot;{Var Name=BF_CALENDER_ROW_DATA}&quot;,InStr(&quot;{Var Name=BF_CALENDER_ROW_DATA}&quot;,&quot;GROUP_NAME/$/&quot;)+Len(&quot;GROUP_NAME/$/&quot;),100),&quot;/$/&quot;)-1)}&#xD;&#xA;&#xD;&#xA;" Value="{VBS Eval=mid(&quot;{Var Name=BF_CALENDER_ROW_DATA}&quot;,InStr(&quot;{Var Name=BF_CALENDER_ROW_DATA}&quot;,&quot;GROUP_NAME/$/&quot;)+Len(&quot;GROUP_NAME/$/&quot;),InStr(mid(&quot;{Var Name=BF_CALENDER_ROW_DATA}&quot;,InStr(&quot;{Var Name=BF_CALENDER_ROW_DATA}&quot;,&quot;GROUP_NAME/$/&quot;)+Len(&quot;GROUP_NAME/$/&quot;),100),&quot;/$/&quot;)-1)}&#xD;&#xA;&#xD;&#xA;" />
</InputValues>
</ActSetVariableValue>
<ActScript Active="True" Description="Write status to NORUN" Guid="3ca33288-d039-4eb6-9cca-df06d490688b" LocateBy="NA" MaxNumberOfRetries="2" ParentGuid="00000000-0000-0000-0000-000000000000" Platform="NA" RetryMechanismInterval="5" ScriptCommand="Script" ScriptInterpreterType="VBS" ScriptName="Write_Data.vbs" ScriptPath="C:\Sky_Italy\Solutions\Sky_Italy\Documents\Scripts\" StatusConverter="None" TakeScreenShot="True" WaitVE="1" WindowsToCapture="OnlyActiveWindow">
<FlowControls>
<FlowControl Active="True" BusinessFlowControlAction="GoToBusinessFlow" Condition="{Var Name=GBL_QC_INTEGRATION_REQ_FLAG} &lt;&gt;&quot;Y&quot;" FlowControlAction="GoToAction" Guid="dba4239b-6d80-47f4-9be0-61b1808b0907" ParentGuid="00000000-0000-0000-0000-000000000000" Value="052c9e39-3ef7-412c-bcb8-fd59042521c1#GUID_NAME#SET Varibale value to 0" />
</FlowControls>

<InputValues>
<ActInputValue Guid="ac0f70e1-420d-4cdd-82bf-63e238d1ce68" Param="excelFilePath" ParentGuid="00000000-0000-0000-0000-000000000000" StoreToVariable="&quot;{Var Name=BF_CALENDER_EXCEL_PATH}&quot;" Value="&quot;{Var Name=BF_CALENDER_EXCEL_PATH}&quot;" />
<ActInputValue Guid="ea53ca39-0407-424e-b6a6-9779c1f4a7fb" Param="excelSheetName" ParentGuid="00000000-0000-0000-0000-000000000000" StoreToVariable="&quot;{Var Name=BF_CALENDER_SHEET_NAME_MAIN}&quot;" Value="&quot;{Var Name=BF_CALENDER_SHEET_NAME_MAIN}&quot;" />
<ActInputValue Guid="f8125508-bc0f-4230-8384-0cd38dd936ce" Param="PARAM_NAME" ParentGuid="00000000-0000-0000-0000-000000000000" StoreToVariable="SKIP" Value="SKIP" />
<ActInputValue Guid="08642623-3963-4304-810c-708e19ff2f21" Param="PARAM_VALUE" ParentGuid="00000000-0000-0000-0000-000000000000" StoreToVariable="N" Value="N" />
<ActInputValue Guid="3d402fcb-0eb5-4f73-b3de-44a388e3f613" Param="GROUP_NAME" ParentGuid="00000000-0000-0000-0000-000000000000" StoreToVariable="&quot;{VBS Eval=mid(&quot;{Var Name=BF_CALENDER_ROW_DATA}&quot;,InStr(&quot;{Var Name=BF_CALENDER_ROW_DATA}&quot;,&quot;/$/GROUP_NAME/$/&quot;)+Len(&quot;/$/GROUP_NAME/$/&quot;),InStr(mid(&quot;{Var Name=BF_CALENDER_ROW_DATA}&quot;,InStr(&quot;{Var Name=BF_CALENDER_ROW_DATA}&quot;,&quot;/$/GROUP_NAME/$/&quot;)+Len(&quot;/$/GROUP_NAME/$/&quot;),1000),&quot;/$/&quot;)-1)}&quot;" Value="&quot;{VBS Eval=mid(&quot;{Var Name=BF_CALENDER_ROW_DATA}&quot;,InStr(&quot;{Var Name=BF_CALENDER_ROW_DATA}&quot;,&quot;/$/GROUP_NAME/$/&quot;)+Len(&quot;/$/GROUP_NAME/$/&quot;),InStr(mid(&quot;{Var Name=BF_CALENDER_ROW_DATA}&quot;,InStr(&quot;{Var Name=BF_CALENDER_ROW_DATA}&quot;,&quot;/$/GROUP_NAME/$/&quot;)+Len(&quot;/$/GROUP_NAME/$/&quot;),1000),&quot;/$/&quot;)-1)}&quot;" />
</InputValues>
</ActScript>
<ActScript Active="True" Description="UPDATE STATUS IN QC_Passed" Guid="cbdced6b-f1fa-498e-a345-d0dfc0238e9a" LocateBy="NA" MaxNumberOfRetries="2" ParentGuid="00000000-0000-0000-0000-000000000000" Platform="NA" RetryMechanismInterval="5" ScriptCommand="Script" ScriptInterpreterType="VBS" ScriptName="QC_UTILITY.vbs" ScriptPath="C:\Sky_Italy\Solutions\Sky_Italy\Documents\Scripts\" StatusConverter="None" TakeScreenShot="True" WaitVE="0" WindowsToCapture="OnlyActiveWindow">
<InputValues>
<ActInputValue Guid="962c32d6-f76e-4364-91f1-1b1a00e284ec" Param="QC_URL" ParentGuid="00000000-0000-0000-0000-000000000000" StoreToVariable="{EnvParam App=MyWeb Param=ENV_QC_URL}" Value="{EnvParam App=MyWeb Param=ENV_QC_URL}" />
<ActInputValue Guid="69431325-cb18-48dd-bbd5-d674b3f1803f" Param="QC_USERNAME" ParentGuid="00000000-0000-0000-0000-000000000000" StoreToVariable="{EnvParam App=MyWeb Param=ENV_QC_USER_NAME}" Value="{EnvParam App=MyWeb Param=ENV_QC_USER_NAME}" />
<ActInputValue Guid="66dfe619-43b4-4eb9-8ca1-c33e23abcbc2" Param="QC_PASSWORD" ParentGuid="00000000-0000-0000-0000-000000000000" StoreToVariable="{EnvParam App=MyWeb Param=ENV_QC_PASSWORD}" Value="{EnvParam App=MyWeb Param=ENV_QC_PASSWORD}" />
<ActInputValue Guid="707e81ec-25ad-4667-af9c-8e8fbcdbf839" Param="QC_DOMAIN" ParentGuid="00000000-0000-0000-0000-000000000000" StoreToVariable="{EnvParam App=MyWeb Param=ENV_QC_DOMAIN}" Value="{EnvParam App=MyWeb Param=ENV_QC_DOMAIN}" />
<ActInputValue Guid="bf4dcc6e-d1b0-4cbe-b3eb-b259a3fbeb8f" Param="QC_PROJECT" ParentGuid="00000000-0000-0000-0000-000000000000" StoreToVariable="&quot;{EnvParam App=MyWeb Param=ENV_QC_PROJECT}&quot;" Value="&quot;{EnvParam App=MyWeb Param=ENV_QC_PROJECT}&quot;" />
<ActInputValue Guid="576b2fb5-5024-48fc-b874-acd478437541" Param="QC_PATH" ParentGuid="00000000-0000-0000-0000-000000000000" StoreToVariable="&quot;{EnvParam App=MyWeb Param=ENV_QC_TEST_LAB_PATH}&quot;" Value="&quot;{EnvParam App=MyWeb Param=ENV_QC_TEST_LAB_PATH}&quot;" />
<ActInputValue Guid="2236866b-91f5-480e-8e70-3a08f211f569" Param="QC_TEST_CASE_NAME" ParentGuid="00000000-0000-0000-0000-000000000000" StoreToVariable="&quot;{VBS Eval=mid(&quot;{Var Name=BF_CALENDER_ROW_DATA}&quot;,InStr(&quot;{Var Name=BF_CALENDER_ROW_DATA}&quot;,&quot;TEST_NAME/$/&quot;)+Len(&quot;TEST_NAME/$/&quot;),InStr(mid(&quot;{Var Name=BF_CALENDER_ROW_DATA}&quot;,InStr(&quot;{Var Name=BF_CALENDER_ROW_DATA}&quot;,&quot;TEST_NAME/$/&quot;)+Len(&quot;TEST_NAME/$/&quot;),100),&quot;/$/&quot;)-1)}&quot;" Value="&quot;{VBS Eval=mid(&quot;{Var Name=BF_CALENDER_ROW_DATA}&quot;,InStr(&quot;{Var Name=BF_CALENDER_ROW_DATA}&quot;,&quot;TEST_NAME/$/&quot;)+Len(&quot;TEST_NAME/$/&quot;),InStr(mid(&quot;{Var Name=BF_CALENDER_ROW_DATA}&quot;,InStr(&quot;{Var Name=BF_CALENDER_ROW_DATA}&quot;,&quot;TEST_NAME/$/&quot;)+Len(&quot;TEST_NAME/$/&quot;),100),&quot;/$/&quot;)-1)}&quot;" />
<ActInputValue Guid="0ed6f8cf-f0bd-44ce-8de8-a6fa4b745514" Param="QC_GINGER_ACTIVITY_NAME" ParentGuid="00000000-0000-0000-0000-000000000000" StoreToVariable="&quot;{VBS Eval=mid(&quot;{Var Name=BF_CALENDER_ROW_DATA}&quot;,InStr(&quot;{Var Name=BF_CALENDER_ROW_DATA}&quot;,&quot;ACTIVITY/$/&quot;)+Len(&quot;ACTIVITY/$/&quot;),InStr(mid(&quot;{Var Name=BF_CALENDER_ROW_DATA}&quot;,InStr(&quot;{Var Name=BF_CALENDER_ROW_DATA}&quot;,&quot;ACTIVITY/$/&quot;)+Len(&quot;ACTIVITY/$/&quot;),100),&quot;/$/&quot;)-1)}&quot;" Value="&quot;{VBS Eval=mid(&quot;{Var Name=BF_CALENDER_ROW_DATA}&quot;,InStr(&quot;{Var Name=BF_CALENDER_ROW_DATA}&quot;,&quot;ACTIVITY/$/&quot;)+Len(&quot;ACTIVITY/$/&quot;),InStr(mid(&quot;{Var Name=BF_CALENDER_ROW_DATA}&quot;,InStr(&quot;{Var Name=BF_CALENDER_ROW_DATA}&quot;,&quot;ACTIVITY/$/&quot;)+Len(&quot;ACTIVITY/$/&quot;),100),&quot;/$/&quot;)-1)}&quot;" />
<ActInputValue Guid="d5a60008-a760-4339-a24f-57e9d15b933e" Param="QC_TEST_CASE_STATUS" ParentGuid="00000000-0000-0000-0000-000000000000" StoreToVariable="&quot;Passed&quot;" Value="&quot;Passed&quot;" />
<ActInputValue Guid="930e8329-8cca-4a27-a43a-d1e56efcbbc4" Param="QC_UPLOAD_REQUIRED" ParentGuid="00000000-0000-0000-0000-000000000000" StoreToVariable="&quot;{VBS Eval=mid(&quot;{Var Name=BF_CALENDER_ROW_DATA}&quot;,InStr(&quot;{Var Name=BF_CALENDER_ROW_DATA}&quot;,&quot;QC_UPDATE/$/&quot;)+Len(&quot;QC_UPDATE/$/&quot;),InStr(mid(&quot;{Var Name=BF_CALENDER_ROW_DATA}&quot;,InStr(&quot;{Var Name=BF_CALENDER_ROW_DATA}&quot;,&quot;QC_UPDATE/$/&quot;)+Len(&quot;QC_UPDATE/$/&quot;),100),&quot;/$/&quot;)-1)}&quot;" Value="&quot;{VBS Eval=mid(&quot;{Var Name=BF_CALENDER_ROW_DATA}&quot;,InStr(&quot;{Var Name=BF_CALENDER_ROW_DATA}&quot;,&quot;QC_UPDATE/$/&quot;)+Len(&quot;QC_UPDATE/$/&quot;),InStr(mid(&quot;{Var Name=BF_CALENDER_ROW_DATA}&quot;,InStr(&quot;{Var Name=BF_CALENDER_ROW_DATA}&quot;,&quot;QC_UPDATE/$/&quot;)+Len(&quot;QC_UPDATE/$/&quot;),100),&quot;/$/&quot;)-1)}&quot;" />
<ActInputValue Guid="9e37e130-ad51-409e-b3cf-6746d7f6b645" Param="QC_INTEGRATION_REQUIRED" ParentGuid="00000000-0000-0000-0000-000000000000" StoreToVariable="{Var Name=GBL_QC_INTEGRATION_REQ_FLAG}" Value="{Var Name=GBL_QC_INTEGRATION_REQ_FLAG}" />
</InputValues>
</ActScript>
<ActSetVariableValue Active="True" Description="SET Varibale value to 0" Guid="052c9e39-3ef7-412c-bcb8-fd59042521c1" LocateBy="NA" MaxNumberOfRetries="2" ParentGuid="00000000-0000-0000-0000-000000000000" Platform="NA" RetryMechanismInterval="5" SetVariableValueOption="SetValue" StatusConverter="None" TakeScreenShot="True" VariableName="BF_CALENDER_ROW_DATA" WaitVE="1" WindowsToCapture="OnlyActiveWindow">
<InputValues>
<ActInputValue Guid="774babc3-823c-482e-a5b9-b435a8449e66" Param="Value" ParentGuid="00000000-0000-0000-0000-000000000000" StoreToVariable="0" Value="0" />
</InputValues>
</ActSetVariableValue>
<ActScript Active="True" Description="READ EXCEL ROW DATA" Guid="53e8c705-d239-4cc4-b77b-d0bcab1b3653" LocateBy="NA" MaxNumberOfRetries="2" ParentGuid="00000000-0000-0000-0000-000000000000" Platform="NA" RetryMechanismInterval="5" ScriptCommand="Script" ScriptInterpreterType="VBS" ScriptName="Read_By_Concatinate.vbs" ScriptPath="C:\GingerSourceControl\Solutions\Ginger-Framework-Solution\\Documents\Scripts\" StatusConverter="None" TakeScreenShot="True" WaitVE="2" WindowsToCapture="OnlyActiveWindow">
<FlowControls>
<FlowControl Active="True" BusinessFlowControlAction="GoToBusinessFlow" Condition="&quot;{ActionStatus}&quot; = &quot;Failed&quot;" FlowControlAction="StopRun" Guid="7786066f-b91c-41ee-8f19-e985f48035d4" ParentGuid="00000000-0000-0000-0000-000000000000" />
</FlowControls>

<InputValues>
<ActInputValue Guid="522e63bd-1a3b-42eb-9116-7c4162fe7b7d" Param="Value" ParentGuid="00000000-0000-0000-0000-000000000000" />
<ActInputValue Guid="d9d165dc-e6c6-481c-9f5d-4f50c4244303" Param="excelFilePath" ParentGuid="00000000-0000-0000-0000-000000000000" StoreToVariable="{Var Name=BF_CALENDER_EXCEL_PATH}" Value="{Var Name=BF_CALENDER_EXCEL_PATH}" />
<ActInputValue Guid="a30fd950-3cdc-413b-848e-9a6dcbf6f2f6" Param="excelSheetName" ParentGuid="00000000-0000-0000-0000-000000000000" StoreToVariable="{Var Name=BF_CALENDER_SHEET_NAME_MAIN}" Value="{Var Name=BF_CALENDER_SHEET_NAME_MAIN}" />
</InputValues>

<ReturnValues>
<ActReturnValue Active="True" Guid="1ff8050f-ff6a-452b-a407-8dbbfe73435b" Param="Outputvalue " ParentGuid="00000000-0000-0000-0000-000000000000" StoreTo="Variable" StoreToValue="BF_CALENDER_ROW_DATA" />
</ReturnValues>
</ActScript>
<ActSetVariableValue Active="True" Description="Set Variable to TEMP1" Guid="95fcd397-b4b9-4cbb-83db-dbe00462580b" LocateBy="NA" MaxNumberOfRetries="2" ParentGuid="00000000-0000-0000-0000-000000000000" Platform="NA" RetryMechanismInterval="5" SetVariableValueOption="SetValue" StatusConverter="None" TakeScreenShot="True" VariableName="BF_TEMP1" WaitVE="1" WindowsToCapture="OnlyActiveWindow">
<InputValues>
<ActInputValue Guid="6db481ad-e501-4b3f-8d09-ce741b8d4672" Param="Value" ParentGuid="00000000-0000-0000-0000-000000000000" StoreToVariable="{VBS Eval=mid(&quot;{Var Name=BF_CALENDER_ROW_DATA}&quot;,InStr(&quot;{Var Name=BF_CALENDER_ROW_DATA}&quot;,&quot;GROUP_NAME/$/&quot;)+Len(&quot;GROUP_NAME/$/&quot;),InStr(mid(&quot;{Var Name=BF_CALENDER_ROW_DATA}&quot;,InStr(&quot;{Var Name=BF_CALENDER_ROW_DATA}&quot;,&quot;GROUP_NAME/$/&quot;)+Len(&quot;GROUP_NAME/$/&quot;),100),&quot;/$/&quot;)-1)}&#xD;&#xA;&#xD;&#xA;" Value="{VBS Eval=mid(&quot;{Var Name=BF_CALENDER_ROW_DATA}&quot;,InStr(&quot;{Var Name=BF_CALENDER_ROW_DATA}&quot;,&quot;GROUP_NAME/$/&quot;)+Len(&quot;GROUP_NAME/$/&quot;),InStr(mid(&quot;{Var Name=BF_CALENDER_ROW_DATA}&quot;,InStr(&quot;{Var Name=BF_CALENDER_ROW_DATA}&quot;,&quot;GROUP_NAME/$/&quot;)+Len(&quot;GROUP_NAME/$/&quot;),100),&quot;/$/&quot;)-1)}&#xD;&#xA;&#xD;&#xA;" />
</InputValues>
</ActSetVariableValue>
<ActDummy Active="True" Description="Validate Group Name" Guid="925a0b77-0024-4142-9506-52e01a90fd6f" LocateBy="NA" MaxNumberOfRetries="2" ParentGuid="00000000-0000-0000-0000-000000000000" Platform="NA" RetryMechanismInterval="5" StatusConverter="None" TakeScreenShot="True" WaitVE="1" WindowsToCapture="OnlyActiveWindow">
<FlowControls>
<FlowControl Active="True" BusinessFlowControlAction="GoToBusinessFlow" Condition="&quot;{Var Name=BF_TEMP}&quot;=&quot;{Var Name=BF_TEMP1}&quot;" FlowControlAction="GoToAction" Guid="173db378-0e04-4876-a711-91159c56fd13" ParentGuid="00000000-0000-0000-0000-000000000000" Value="9d2d786f-b898-4090-80d5-53f70a179b49#GUID_NAME#Write status to N" />
<FlowControl Active="True" BusinessFlowControlAction="GoToBusinessFlow" Condition="1=1" FlowControlAction="GoToActivityByName" Guid="ad981142-3506-4d5a-9509-95e04e1ba264" ParentGuid="00000000-0000-0000-0000-000000000000" Value="Initiate_Execution" />
</FlowControls>

<InputValues>
<ActInputValue Guid="7fe92360-5685-45ac-b08a-adc4ed5bbc66" Param="Value" ParentGuid="00000000-0000-0000-0000-000000000000" />
</InputValues>
</ActDummy>
<ActScript Active="True" Description="Write status to N" Guid="9d2d786f-b898-4090-80d5-53f70a179b49" LocateBy="NA" MaxNumberOfRetries="2" ParentGuid="00000000-0000-0000-0000-000000000000" Platform="NA" RetryMechanismInterval="5" ScriptCommand="Script" ScriptInterpreterType="VBS" ScriptName="Write_Data.vbs" ScriptPath="C:\Sky_Italy\Solutions\Sky_Italy\Documents\Scripts\" StatusConverter="None" TakeScreenShot="True" WaitVE="1" WindowsToCapture="OnlyActiveWindow">
<FlowControls>
<FlowControl Active="True" BusinessFlowControlAction="GoToBusinessFlow" Condition="{Var Name=GBL_QC_INTEGRATION_REQ_FLAG}&lt;&gt;&quot;Y&quot;" FlowControlAction="GoToAction" Guid="d37d5410-389b-407e-818d-3d729c563fa9" ParentGuid="00000000-0000-0000-0000-000000000000" Value="53e8c705-d239-4cc4-b77b-d0bcab1b3653#GUID_NAME#READ EXCEL ROW DATA" />
<FlowControl Active="True" BusinessFlowControlAction="GoToBusinessFlow" Condition="&quot;{ActionStatus}&quot; = &quot;Passed&quot;" FlowControlAction="GoToAction" Guid="4101993b-895e-4d47-bae1-a08c58bb6129" ParentGuid="00000000-0000-0000-0000-000000000000" Value="1729e7d6-68a3-4333-9d9f-eb6f9739beee#GUID_NAME#UPDATE STATUS IN QC_No Run" />
</FlowControls>

<InputValues>
<ActInputValue Guid="61ff6099-4af9-454f-a5af-63126e450dbc" Param="excelFilePath" ParentGuid="00000000-0000-0000-0000-000000000000" StoreToVariable="&quot;{Var Name=BF_CALENDER_EXCEL_PATH}&quot;" Value="&quot;{Var Name=BF_CALENDER_EXCEL_PATH}&quot;" />
<ActInputValue Guid="d4a98ee8-a67c-4cc1-8d8d-28b0faa26773" Param="excelSheetName" ParentGuid="00000000-0000-0000-0000-000000000000" StoreToVariable="&quot;{Var Name=BF_CALENDER_SHEET_NAME_MAIN}&quot;" Value="&quot;{Var Name=BF_CALENDER_SHEET_NAME_MAIN}&quot;" />
<ActInputValue Guid="37bbbdde-b107-4de7-8ac0-08b280bef71d" Param="PARAM_NAME" ParentGuid="00000000-0000-0000-0000-000000000000" StoreToVariable="SKIP" Value="SKIP" />
<ActInputValue Guid="8cdc541a-3c41-456d-b0ec-3c5761922539" Param="PARAM_VALUE" ParentGuid="00000000-0000-0000-0000-000000000000" StoreToVariable="N" Value="N" />
<ActInputValue Guid="3313dc2f-0fee-444c-b815-0a22db8a788a" Param="GROUP_NAME" ParentGuid="00000000-0000-0000-0000-000000000000" StoreToVariable="&quot;{VBS Eval=mid(&quot;{Var Name=BF_CALENDER_ROW_DATA}&quot;,InStr(&quot;{Var Name=BF_CALENDER_ROW_DATA}&quot;,&quot;/$/GROUP_NAME/$/&quot;)+Len(&quot;/$/GROUP_NAME/$/&quot;),InStr(mid(&quot;{Var Name=BF_CALENDER_ROW_DATA}&quot;,InStr(&quot;{Var Name=BF_CALENDER_ROW_DATA}&quot;,&quot;/$/GROUP_NAME/$/&quot;)+Len(&quot;/$/GROUP_NAME/$/&quot;),1000),&quot;/$/&quot;)-1)}&quot;" Value="&quot;{VBS Eval=mid(&quot;{Var Name=BF_CALENDER_ROW_DATA}&quot;,InStr(&quot;{Var Name=BF_CALENDER_ROW_DATA}&quot;,&quot;/$/GROUP_NAME/$/&quot;)+Len(&quot;/$/GROUP_NAME/$/&quot;),InStr(mid(&quot;{Var Name=BF_CALENDER_ROW_DATA}&quot;,InStr(&quot;{Var Name=BF_CALENDER_ROW_DATA}&quot;,&quot;/$/GROUP_NAME/$/&quot;)+Len(&quot;/$/GROUP_NAME/$/&quot;),1000),&quot;/$/&quot;)-1)}&quot;" />
</InputValues>
</ActScript>
<ActScript Active="True" Description="UPDATE STATUS IN QC_No Run" Guid="1729e7d6-68a3-4333-9d9f-eb6f9739beee" LocateBy="NA" MaxNumberOfRetries="2" ParentGuid="00000000-0000-0000-0000-000000000000" Platform="NA" RetryMechanismInterval="5" ScriptCommand="Script" ScriptInterpreterType="VBS" ScriptName="QC_UTILITY.vbs" ScriptPath="C:\Sky_Italy\Solutions\Sky_Italy\Documents\Scripts\" StatusConverter="None" TakeScreenShot="True" WaitVE="0" WindowsToCapture="OnlyActiveWindow">
<FlowControls>
<FlowControl Active="True" BusinessFlowControlAction="GoToBusinessFlow" Condition="&quot;{ActionStatus}&quot; = &quot;Passed&quot;" FlowControlAction="GoToAction" Guid="fd1dccc4-8ae4-4e0a-af18-f664c6db0199" ParentGuid="00000000-0000-0000-0000-000000000000" Value="53e8c705-d239-4cc4-b77b-d0bcab1b3653#GUID_NAME#READ EXCEL ROW DATA" />
</FlowControls>

<InputValues>
<ActInputValue Guid="f250591f-fc8b-425e-a326-43dea79c22ff" Param="QC_URL" ParentGuid="00000000-0000-0000-0000-000000000000" StoreToVariable="{EnvParam App=MyWeb Param=ENV_QC_URL}" Value="{EnvParam App=MyWeb Param=ENV_QC_URL}" />
<ActInputValue Guid="7cc7b35b-f6da-4013-a82a-c03a1c5293f3" Param="QC_USERNAME" ParentGuid="00000000-0000-0000-0000-000000000000" StoreToVariable="{EnvParam App=MyWeb Param=ENV_QC_USER_NAME}" Value="{EnvParam App=MyWeb Param=ENV_QC_USER_NAME}" />
<ActInputValue Guid="187c68c1-9098-4747-97cf-56233f3b3e07" Param="QC_PASSWORD" ParentGuid="00000000-0000-0000-0000-000000000000" StoreToVariable="{EnvParam App=MyWeb Param=ENV_QC_PASSWORD}" Value="{EnvParam App=MyWeb Param=ENV_QC_PASSWORD}" />
<ActInputValue Guid="001ebc09-17ec-4588-93ae-bd97ddd68c84" Param="QC_DOMAIN" ParentGuid="00000000-0000-0000-0000-000000000000" StoreToVariable="{EnvParam App=MyWeb Param=ENV_QC_DOMAIN}" Value="{EnvParam App=MyWeb Param=ENV_QC_DOMAIN}" />
<ActInputValue Guid="31e56763-fe84-4b35-80ed-0ad379400b58" Param="QC_PROJECT" ParentGuid="00000000-0000-0000-0000-000000000000" StoreToVariable="{EnvParam App=MyWeb Param=ENV_QC_PROJECT}" Value="{EnvParam App=MyWeb Param=ENV_QC_PROJECT}" />
<ActInputValue Guid="16dfd2e4-3cd5-4b79-b8b9-3ddad3145c66" Param="QC_PATH" ParentGuid="00000000-0000-0000-0000-000000000000" StoreToVariable="&quot;{EnvParam App=MyWeb Param=ENV_QC_TEST_LAB_PATH}&quot;" Value="&quot;{EnvParam App=MyWeb Param=ENV_QC_TEST_LAB_PATH}&quot;" />
<ActInputValue Guid="2c02b012-b46b-48c3-bfe0-63d95ac71d41" Param="QC_TEST_CASE_NAME" ParentGuid="00000000-0000-0000-0000-000000000000" StoreToVariable="&quot;{VBS Eval=mid(&quot;{Var Name=BF_CALENDER_ROW_DATA}&quot;,InStr(&quot;{Var Name=BF_CALENDER_ROW_DATA}&quot;,&quot;TEST_NAME/$/&quot;)+Len(&quot;TEST_NAME/$/&quot;),InStr(mid(&quot;{Var Name=BF_CALENDER_ROW_DATA}&quot;,InStr(&quot;{Var Name=BF_CALENDER_ROW_DATA}&quot;,&quot;TEST_NAME/$/&quot;)+Len(&quot;TEST_NAME/$/&quot;),100),&quot;/$/&quot;)-1)}&quot;" Value="&quot;{VBS Eval=mid(&quot;{Var Name=BF_CALENDER_ROW_DATA}&quot;,InStr(&quot;{Var Name=BF_CALENDER_ROW_DATA}&quot;,&quot;TEST_NAME/$/&quot;)+Len(&quot;TEST_NAME/$/&quot;),InStr(mid(&quot;{Var Name=BF_CALENDER_ROW_DATA}&quot;,InStr(&quot;{Var Name=BF_CALENDER_ROW_DATA}&quot;,&quot;TEST_NAME/$/&quot;)+Len(&quot;TEST_NAME/$/&quot;),100),&quot;/$/&quot;)-1)}&quot;" />
<ActInputValue Guid="4ad5c7f2-de3f-4640-bfcc-a98876556576" Param="QC_GINGER_ACTIVITY_NAME" ParentGuid="00000000-0000-0000-0000-000000000000" StoreToVariable="&quot;{VBS Eval=mid(&quot;{Var Name=BF_CALENDER_ROW_DATA}&quot;,InStr(&quot;{Var Name=BF_CALENDER_ROW_DATA}&quot;,&quot;ACTIVITY/$/&quot;)+Len(&quot;ACTIVITY/$/&quot;),InStr(mid(&quot;{Var Name=BF_CALENDER_ROW_DATA}&quot;,InStr(&quot;{Var Name=BF_CALENDER_ROW_DATA}&quot;,&quot;ACTIVITY/$/&quot;)+Len(&quot;ACTIVITY/$/&quot;),100),&quot;/$/&quot;)-1)}&quot;" Value="&quot;{VBS Eval=mid(&quot;{Var Name=BF_CALENDER_ROW_DATA}&quot;,InStr(&quot;{Var Name=BF_CALENDER_ROW_DATA}&quot;,&quot;ACTIVITY/$/&quot;)+Len(&quot;ACTIVITY/$/&quot;),InStr(mid(&quot;{Var Name=BF_CALENDER_ROW_DATA}&quot;,InStr(&quot;{Var Name=BF_CALENDER_ROW_DATA}&quot;,&quot;ACTIVITY/$/&quot;)+Len(&quot;ACTIVITY/$/&quot;),100),&quot;/$/&quot;)-1)}&quot;" />
<ActInputValue Guid="9083376a-3389-4a01-9e56-a3cf73e1fca2" Param="QC_TEST_CASE_STATUS" ParentGuid="00000000-0000-0000-0000-000000000000" StoreToVariable="&quot;No Run&quot;" Value="&quot;No Run&quot;" />
<ActInputValue Guid="8aa9b71a-24c0-4a83-bea6-13193b4014e6" Param="QC_UPLOAD_REQUIRED" ParentGuid="00000000-0000-0000-0000-000000000000" StoreToVariable="&quot;{VBS Eval=mid(&quot;{Var Name=BF_CALENDER_ROW_DATA}&quot;,InStr(&quot;{Var Name=BF_CALENDER_ROW_DATA}&quot;,&quot;QC_UPDATE/$/&quot;)+Len(&quot;QC_UPDATE/$/&quot;),InStr(mid(&quot;{Var Name=BF_CALENDER_ROW_DATA}&quot;,InStr(&quot;{Var Name=BF_CALENDER_ROW_DATA}&quot;,&quot;QC_UPDATE/$/&quot;)+Len(&quot;QC_UPDATE/$/&quot;),100),&quot;/$/&quot;)-1)}&quot;" Value="&quot;{VBS Eval=mid(&quot;{Var Name=BF_CALENDER_ROW_DATA}&quot;,InStr(&quot;{Var Name=BF_CALENDER_ROW_DATA}&quot;,&quot;QC_UPDATE/$/&quot;)+Len(&quot;QC_UPDATE/$/&quot;),InStr(mid(&quot;{Var Name=BF_CALENDER_ROW_DATA}&quot;,InStr(&quot;{Var Name=BF_CALENDER_ROW_DATA}&quot;,&quot;QC_UPDATE/$/&quot;)+Len(&quot;QC_UPDATE/$/&quot;),100),&quot;/$/&quot;)-1)}&quot;" />
<ActInputValue Guid="7bb9047d-2b94-4ab8-8d61-a68c42edc893" Param="QC_INTEGRATION_REQUIRED" ParentGuid="00000000-0000-0000-0000-000000000000" StoreToVariable="{Var Name=GBL_QC_INTEGRATION_REQ_FLAG}" Value="{Var Name=GBL_QC_INTEGRATION_REQ_FLAG}" />
</InputValues>
</ActScript>
</Acts>

<Variables>
<VariableString Guid="42b4b9a0-2964-4548-a195-fe83902e6dcc" InitialStringValue="S-REGRESSION_PMT 445705_EDITS_FIDS_S&amp;E SECT_1.52_NSORD.0388/$/Value is Blank/$/CREATED_IN_RELEASE/$/Value is Blank/$/COMMENT/$/Madhuri_Phase_2/$/HEADER/$/Value is Blank/$/ACTION/$/Act_S-REGRESSION_PMT 445705_EDITS_FIDS_S&amp;E SECT_1.52_NSORD.0388/$/ORDER_TYPE/$/N/$/STATE_CODE/$/Value is Blank/$/NEW_ORDER_NUM/$/N663784/$/EXPECTED_EDIT/$/NOEDIT/$/SKIP_EDIT/$/Value is Blank/$/ST/$/O/$/EXPECTED_STRING/$/READY FOR DISTRIBUTION/$/SKIP_ACTIVITY/$/Value is Blank/$/U5RRX/$/I    U5RRX /LRS OPDA/$/FL_FID/$/Value is Blank/$/ACTION_I_LH_FID/$/ICLT 41.SFGS.219.033.6825/$/FL_FID_/PIC/$//PIC NO/$/FID_/LPIC/$//LPIC NONE/$/SM_DATA/$/SM   CE 01-25-2017 0830A/$/CS_DATA/$/WSQ" MappedOutputType="None" Name="BF_CALENDER_ROW_DATA" ParentGuid="00000000-0000-0000-0000-000000000000" Value="S-REGRESSION_PMT 445705_EDITS_FIDS_S&amp;E SECT_1.52_NSORD.0388/$/Value is Blank/$/CREATED_IN_RELEASE/$/Value is Blank/$/COMMENT/$/Madhuri_Phase_2/$/HEADER/$/Value is Blank/$/ACTION/$/Act_S-REGRESSION_PMT 445705_EDITS_FIDS_S&amp;E SECT_1.52_NSORD.0388/$/ORDER_TYPE/$/N/$/STATE_CODE/$/Value is Blank/$/NEW_ORDER_NUM/$/N663784/$/EXPECTED_EDIT/$/NOEDIT/$/SKIP_EDIT/$/Value is Blank/$/ST/$/O/$/EXPECTED_STRING/$/READY FOR DISTRIBUTION/$/SKIP_ACTIVITY/$/Value is Blank/$/U5RRX/$/I    U5RRX /LRS OPDA/$/FL_FID/$/Value is Blank/$/ACTION_I_LH_FID/$/ICLT 41.SFGS.219.033.6825/$/FL_FID_/PIC/$//PIC NO/$/FID_/LPIC/$//LPIC NONE/$/SM_DATA/$/SM   CE 01-25-2017 0830A/$/CS_DATA/$/WSQ" />
<VariableString Description="&gt;&gt; Update this variable either &quot;Y&quot; or &quot;N&quot;&lt;&lt;" Guid="4d1400b1-6733-4a9e-ac05-16c117112605" InitialStringValue="&quot;N&quot;" MappedOutputType="None" Name="GBL_QC_INTEGRATION_REQ_FLAG" ParentGuid="00000000-0000-0000-0000-000000000000" Value="&quot;N&quot;" />
<VariableString Guid="ded6e75f-9997-4541-a41b-f7d6c9a500b7" MappedOutputType="None" Name="BF_CALENDER_EXCEL_PATH" ParentGuid="f83cb156-f0f6-4255-ae15-fa63033f2e37" ParentName="NSORD_Driver_NEW" ParentType="Business Flow" />
<VariableString Guid="9c217058-6d2c-4243-82f7-5e7d9dc4a04d" InitialStringValue="MAIN" MappedOutputType="None" Name="BF_CALENDER_SHEET_NAME_MAIN" ParentGuid="f83cb156-f0f6-4255-ae15-fa63033f2e37" ParentName="NSORD_Driver_NEW" ParentType="Business Flow" Value="MAIN" />
<VariableString Guid="0dbd0694-480d-4f93-abb5-bb3be9935fff" InitialStringValue="ACTION,Act_Search,SEARCH_STRING,Amdocs" MappedOutputType="None" Name="BF_TEMP" ParentGuid="00000000-0000-0000-0000-000000000000" Value="ACTION,Act_Search,SEARCH_STRING,Amdocs" />
<VariableString Guid="f9449733-5506-4dcd-bd63-f318a060b17a" InitialStringValue="C&#xD;&#xA;&#xD;&#xA;" MappedOutputType="None" Name="BF_TEMP1" ParentGuid="00000000-0000-0000-0000-000000000000" Value="C&#xD;&#xA;&#xD;&#xA;" />
</Variables>
</Activity>
</Activities>

<TargetApplications>
<TargetApplication AppName="MyWebApp" Guid="09a8ad3c-4144-4cee-834d-370667b37691" LastExecutingAgentName="Chrome" ParentGuid="00000000-0000-0000-0000-000000000000" />
<TargetApplication AppName="MyWebServicesApp" Guid="805341ec-9cef-4eb6-9199-ea4a5c4a74d7" LastExecutingAgentName="WebService" ParentGuid="00000000-0000-0000-0000-000000000000" />
<TargetApplication AppName="MyUnix" Guid="9656da39-8284-4b8d-b805-be431569d498" LastExecutingAgentName="illnqw4082" ParentGuid="00000000-0000-0000-0000-000000000000" />
<TargetApplication AppName="MyWebIE" Guid="40eed3a2-d64d-4081-9433-67a08892299a" LastExecutingAgentName="IE" ParentGuid="00000000-0000-0000-0000-000000000000" />
</TargetApplications>

<Variables>
<VariableString Guid="1714ae96-7ac7-45a0-ab4b-9dea14706668" InitialStringValue="C:\Sky_Italy\Solutions\Sky_Italy\Documents\1802\DATA_FILES_PER_CALENDAR\DEVELOPMENT\PT\SHRPATIL\SKY_PT_PI2_CALENDER\SKY_PT_PI2_CALENDER.xlsx" MappedOutputType="None" Name="BF_CALENDER_EXCEL_PATH" ParentGuid="00000000-0000-0000-0000-000000000000" ParentName="NSORD_Driver_NEW" ParentType="Business Flow" Value="C:\Sky_Italy\Solutions\Sky_Italy\Documents\1802\DATA_FILES_PER_CALENDAR\DEVELOPMENT\PT2\SHRPATIL\CALENDER_JENKIN_CI_ENV\CALENDER_JENKIN_CI_ENV.xlsx" />
<VariableString Guid="db9ae8e8-1c1d-4be1-ab2a-2f69eaf44079" InitialStringValue="S-REGRESSION_PMT 445705_EDITS_FIDS_S&amp;E SECT_1.52_NSORD.0388/$/Value is Blank/$/CREATED_IN_RELEASE/$/Value is Blank/$/COMMENT/$/Madhuri_Phase_2/$/HEADER/$/Value is Blank/$/ACTION/$/Act_S-REGRESSION_PMT 445705_EDITS_FIDS_S&amp;E SECT_1.52_NSORD.0388/$/ORDER_TYPE/$/N/$/STATE_CODE/$/Value is Blank/$/NEW_ORDER_NUM/$/N663784/$/EXPECTED_EDIT/$/NOEDIT/$/SKIP_EDIT/$/Value is Blank/$/ST/$/O/$/EXPECTED_STRING/$/READY FOR DISTRIBUTION/$/SKIP_ACTIVITY/$/Value is Blank/$/U5RRX/$/I    U5RRX /LRS OPDA/$/FL_FID/$/Value is Blank/$/ACTION_I_LH_FID/$/ICLT 41.SFGS.219.033.6825/$/FL_FID_/PIC/$//PIC NO/$/FID_/LPIC/$//LPIC NONE/$/SM_DATA/$/SM   CE 01-25-2017 0830A/$/CS_DATA/$/WSQ" MappedOutputType="None" Name="BF_CALENDER_ROW_DATA" ParentGuid="00000000-0000-0000-0000-000000000000" Value="TEST_NAME/$/Broadband and Voice/$/CREATED_IN_RELEASE/$/1808/$/COMMENT/$/Sanity/Reg/$/GROUP_NAME/$/1/$/HEADER/$/Value is Blank/$/ACTIVITY/$/ACT_Query_Appointment/$/QC_UPDATE/$/0/$/buildingID_PARAM/$/buildingID/$/buildingID_VALUE/$/10_054_054039_8000065082_78/$/serviceType_PARAM/$/serviceType/$/serviceType_VALUE/$/1/$/requestType_PARAM/$/requestType/$/requestType_VALUE/$/0/$/startDay_PARAM/$/startDay/$/startDay_VALUE/$/20180415/$/numberOfSlots_PARAM/$/numberOfSlots/$/numberOfSlots_VALUE/$/7/$/orderID_PARAM/$/orderID/$/orderID_VALUE/$/9100/$/wholesaler_PARAM/$/wholesaler/$/wholesaler_VALUE/$/OpenFiber/$/staircase_PARAM/$/staircase/$/staircase_VALUE/$/12312/$/" />
<VariableString Guid="339cc51f-7027-4855-b1a5-d5675b347edc" InitialStringValue="KEEP_REFER" MappedOutputType="None" Name="BF_CALENDER_SHEET_KEEP_REFER" ParentGuid="00000000-0000-0000-0000-000000000000" Value="KEEP_REFER" />
<VariableString Guid="2538699d-8386-4577-bc56-8704372fa064" InitialStringValue="MAIN" MappedOutputType="None" Name="BF_CALENDER_SHEET_NAME_MAIN" ParentGuid="00000000-0000-0000-0000-000000000000" ParentName="NSORD_Driver_NEW" ParentType="Business Flow" Value="MAIN" />
<VariableString Description="&gt;&gt; Update this variable &lt;&lt;" Guid="43749789-029a-4d49-8903-ede74efd7668" InitialStringValue="CALENDER_JENKIN_CI_ENV.xlsx" MappedOutputType="None" Name="BF_EXCEL_FILE_NAME" ParentGuid="00000000-0000-0000-0000-000000000000" Value="CALENDER_JENKIN_CI_ENV.xlsx" />
<VariableString Description="&gt;&gt; Update this variable &lt;&lt;" Guid="a6b99007-9ab5-4baf-ad8b-563256fe4a9a" InitialStringValue="DEVELOPMENT" MappedOutputType="None" Name="BF_EXECUTION_MODE" ParentGuid="00000000-0000-0000-0000-000000000000" Value="DEVELOPMENT" />
<VariableString Description="&gt;&gt; Update this variable &lt;&lt;" Guid="4a550d19-08e7-419a-bce0-325dcfbe89d0" InitialStringValue="Test" MappedOutputType="None" Name="BF_QC_TEST_SET_NAME" ParentGuid="00000000-0000-0000-0000-000000000000" Value="Test" />
<VariableString Description="&gt;&gt; Update this variable &lt;&lt;" Guid="b45a5db4-a1f3-4a4f-b7a9-fa98e742101e" InitialStringValue="1802" MappedOutputType="None" Name="BF_RELEASE" ParentGuid="00000000-0000-0000-0000-000000000000" Value="1802" />
<VariableString Guid="dcd0fb59-b130-4134-8d1f-29b229e5b259" InitialStringValue="ACTION,Act_Search,SEARCH_STRING,Amdocs" MappedOutputType="None" Name="BF_TEMP" ParentGuid="00000000-0000-0000-0000-000000000000" Value="ACTIVITY,ACT_Query_Appointment,QC_UPDATE,0,buildingID_PARAM,&amp;buildingID_PARAM_QA,buildingID_VALUE,&amp;buildingID_VALUE_QA,serviceType_PARAM,&amp;serviceType_PARAM_QA,serviceType_VALUE,&amp;serviceType_VALUE_QA,requestType_PARAM,&amp;requestType_PARAM_QA,requestType_VALUE,&amp;requestType_VALUE_QA,startDay_PARAM,&amp;startDay_PARAM_QA,startDay_VALUE,&amp;startDay_VALUE_QA,numberOfSlots_PARAM,&amp;numberOfSlots_PARAM_QA,numberOfSlots_VALUE,&amp;numberOfSlots_VALUE_QA,orderID_PARAM,&amp;orderID_PARMA_QA,orderID_VALUE,&amp;orderID_VALUE_QA,wholesaler_PARAM,&amp;wholesaler_PARAM_QA,wholesaler_VALUE,&amp;wholesaler_VALUE_QA,staircase_PARAM,staircase,staircase_VALUE,12312" />
<VariableString Guid="3d61c893-7146-4796-a8d1-af2819bdc9a2" InitialStringValue="C&#xD;&#xA;&#xD;&#xA;" MappedOutputType="None" Name="BF_TEMP1" ParentGuid="00000000-0000-0000-0000-000000000000" />
<VariableString Guid="fdc84161-1e78-494a-81bf-ee0277b5f123" InitialStringValue="9400" MappedOutputType="None" Name="BF_RESPONSE_CODE" ParentGuid="00000000-0000-0000-0000-000000000000" Value="9400" />
<VariableString Guid="5899def0-126d-4af4-83f6-b59b37f9d0c9" InitialStringValue="Bad Request" MappedOutputType="None" Name="BF_RESPONSE_MESSAGE" ParentGuid="00000000-0000-0000-0000-000000000000" Value="Bad Request" />
<VariableString Guid="7db39e02-4ecf-4058-92ee-522e3ec042ae" InitialStringValue=" 2" MappedOutputType="None" Name="BF_VALIDATION_1" ParentGuid="00000000-0000-0000-0000-000000000000" Value=" 2" />
<VariableString Guid="256968c2-c1c1-45f4-abaf-c7fd2762d912" InitialStringValue="{&quot;status&quot; : {&quot;code&quot; : &quot;0&quot;,&quot;type&quot; : &quot;OK&quot;,&quot;message&quot; : &quot;Success&quot;},&quot;numberOfRecords&quot; : 2} " MappedOutputType="None" Name="BF_VALIDATION_2" ParentGuid="00000000-0000-0000-0000-000000000000" Value="{&quot;status&quot; : {&quot;code&quot; : &quot;0&quot;,&quot;type&quot; : &quot;OK&quot;,&quot;message&quot; : &quot;Success&quot;},&quot;numberOfRecords&quot; : 2} " />
</Variables>
</BusinessFlow></GingerRepositoryItem>